CASE_ID,ACCIDENT_YEAR,PROC_DATE,JURIS,COLLISION_DATE,COLLISION_TIME,OFFICER_ID,REPORTING_DISTRICT,DAY_OF_WEEK,CHP_SHIFT,POPULATION,CNTY_CITY_LOC,SPECIAL_COND,BEAT_TYPE,CHP_BEAT_TYPE,CITY_DIVISION_LAPD,CHP_BEAT_CLASS,BEAT_NUMBER,PRIMARY_RD,SECONDARY_RD,DISTANCE,DIRECTION,INTERSECTION,WEATHER_1,WEATHER_2,STATE_HWY_IND,CALTRANS_COUNTY,CALTRANS_DISTRICT,STATE_ROUTE,ROUTE_SUFFIX,POSTMILE_PREFIX,POSTMILE,LOCATION_TYPE,RAMP_INTERSECTION,SIDE_OF_HWY,TOW_AWAY,COLLISION_SEVERITY,NUMBER_KILLED,NUMBER_INJURED,PARTY_COUNT,PRIMARY_COLL_FACTOR,PCF_CODE_OF_VIOL,PCF_VIOL_CATEGORY,PCF_VIOLATION,PCF_VIOL_SUBSECTION,HIT_AND_RUN,TYPE_OF_COLLISION,MVIW,PED_ACTION,ROAD_SURFACE,ROAD_COND_1,ROAD_COND_2,LIGHTING,CONTROL_DEVICE,CHP_ROAD_TYPE,PEDESTRIAN_ACCIDENT,BICYCLE_ACCIDENT,MOTORCYCLE_ACCIDENT,TRUCK_ACCIDENT,NOT_PRIVATE_PROPERTY,ALCOHOL_INVOLVED,STWD_VEHTYPE_AT_FAULT,CHP_VEHTYPE_AT_FAULT,COUNT_SEVERE_INJ,COUNT_VISIBLE_INJ,COUNT_COMPLAINT_PAIN,COUNT_PED_KILLED,COUNT_PED_INJURED,COUNT_BICYCLIST_KILLED,COUNT_BICYCLIST_INJURED,COUNT_MC_KILLED,COUNT_MC_INJURED,PRIMARY_RAMP,SECONDARY_RAMP,LATITUDE,LONGITUDE,COUNTY,CITY,POINT_X,POINT_Y
7169575,2016,2016-02-03,1942,2016-01-04,1415,37123,0426,1,5,7,1942,0,0,0,D,0,4A9,"HUNTINGTON DR",PUEBLO,65.00,W,N,A,-,N,,,,,,,,,,N,4,0,1,2,A,-,21,22106,,N,G,B,E,A,H,-,A,D,0,Y,,,,Y,,-,"- ",0,0,1,0,1,0,0,0,0,"- ","- ",,,"LOS ANGELES","LOS ANGELES",-118.17510916000001,34.087596329999997
7169822,2016,2016-02-03,1931,2016-01-10,0215,5305,1931,7,5,5,1931,0,0,0,,0,003,"PACIFIC BL","SATURN AV",451.00,S,N,B,-,N,,,,,,,,,,Y,2,0,1,2,A,-,11,21950,B,N,G,B,C,A,H,-,C,A,0,Y,,,,Y,,N,60,1,0,0,0,1,0,0,0,0,"- ","- ",,,"LOS ANGELES","HUNTINGTON PARK",-118.22518113,33.975673209999997
7170021,2016,2016-02-03,1942,2016-01-14,1330,31476,1363,4,5,7,1942,0,0,0,M,0,13TL53,"51ST ST","CENTRAL ST",5.00,W,N,A,-,N,,,,,,,,,,Y,4,0,1,2,A,-,10,21950,A,N,G,B,B,A,H,-,A,D,0,Y,,,,Y,,D,22,0,0,1,0,1,0,0,0,0,"- ","- ",,,"LOS ANGELES","LOS ANGELES",-118.25646999999999,33.997109999999999
7170035,2016,2016-02-03,1942,2016-01-16,1735,34426,1343,6,5,7,1942,0,0,0,M,0,2TL28,"GRIFFITH AV","36TH ST",0.00,,Y,A,-,N,,,,,,,,,,N,4,0,1,2,A,-,10,21950,,N,G,B,B,A,H,-,C,D,0,Y,,,,Y,,A,01,0,0,1,0,1,0,0,0,0,"- ","- ",,,"LOS ANGELES","LOS ANGELES",-118.26200005,34.01363001
7170055,2016,2016-02-01,1900,2016-01-19,1715,531094,0973,2,5,4,1979,0,0,0,,0,92T1,"FOUNTAIN AV","ALTA VISTA BL",0.00,,Y,B,-,N,,,,,,,,,,N,3,0,1,2,A,-,09,21801,A,N,D,D,-,B,H,-,C,D,0,Y,,,,Y,,A,01,0,1,0,0,1,0,0,0,0,"- ","- ",,,"LOS ANGELES","WEST HOLLYWOOD",-118.34717006,34.094350030000001
7170059,2016,2016-02-01,1900,2016-01-14,1210,531094,0973,4,5,4,1979,0,0,0,,0,92T1,"SANTA MONICA BL","SANTA MONICA BL 7475",0.00,,Y,B,-,N,,,,,,,,,,N,3,0,1,2,A,-,10,21952,,N,B,B,F,A,H,-,A,D,0,Y,,,,Y,,A,01,0,1,0,0,1,0,0,0,0,"- ","- ",,,"LOS ANGELES","WEST HOLLYWOOD",-118.35256099999999,34.090778999999998
7170211,2016,2016-02-02,1942,2016-01-21,1150,39021,1011,4,5,7,1942,0,0,0,J,0,21TI62,"SATICOY ST","TAMPA AV",500.00,W,N,A,-,N,,,,,,,,,,N,4,0,1,2,B,-,22,,,F,G,B,F,A,H,-,A,D,0,Y,,,,Y,,A,01,0,0,1,0,1,0,0,0,0,"- ","- ",,,"LOS ANGELES","LOS ANGELES",-118.55516082,34.208350000000003
7170227,2016,2016-02-03,1942,2016-01-13,1820,39569,1538,3,5,7,1942,0,0,0,O,0,15A38,"HATTERAS ST","TUJUNGA AV",0.00,,Y,A,-,N,,,,,,,,,,N,4,0,1,2,A,-,10,21950,A,N,G,B,B,A,-,-,C,D,0,Y,,,,Y,Y,A,07,0,0,1,0,1,0,0,0,0,"- ","- ",,,"LOS ANGELES","LOS ANGELES",-118.37904008,34.175780080000003
7170231,2016,2016-02-03,1942,2016-01-23,1455,26319,1548,6,5,7,1942,0,0,0,O,0,19TL74,"SATSUMA AV","MAGNOLIA BL",0.00,,Y,B,-,N,,,,,,,,,,N,4,0,1,2,A,-,11,21950,B,N,G,C,-,A,H,-,A,D,0,Y,,,,Y,,N,60,0,0,1,0,1,0,0,0,0,"- ","- ",,,"LOS ANGELES","LOS ANGELES",-118.36757000999999,34.164900029999998
7170236,2016,2016-02-03,1942,2016-01-10,1845,40193,1591,7,5,7,1942,0,0,0,O,0,17TL14,"VENTURA BL","RHODES AV",0.00,,Y,A,-,N,,,,,,,,,,N,3,0,1,2,A,-,10,21950,A,N,G,B,B,A,H,-,C,D,0,Y,,,,Y,,A,01,0,1,0,0,1,0,0,0,0,"- ","- ",,,"LOS ANGELES","LOS ANGELES",-118.40304008,34.142870010000003
7170406,2016,2016-08-15,1928,2016-01-03,1915,395,506,7,5,5,1928,0,0,0,,0,001,"116TH ST","INGLEWOOD AV",0.00,,Y,A,-,N,,,,,,,,,,N,2,0,1,2,A,-,03,22350,,F,G,B,B,A,H,-,C,A,0,Y,,,,Y,,A,01,1,0,0,0,1,0,0,0,0,"- ","- ",,,"LOS ANGELES",HAWTHORNE,-118.36133009,33.929100120000001
7170583,2016,2016-01-29,1955,2016-01-01,0016,40939,,5,5,6,1955,0,0,0,,0,0018,"SAN BERNARDINO AV","INDIAN HILL BL",10.00,N,N,A,-,N,,,,,,,,,,N,4,0,1,2,D,-,00,,,N,-,-,B,A,H,-,C,A,0,Y,,,,Y,Y,-,"- ",0,0,1,0,1,0,0,0,0,"- ","- ",,,"LOS ANGELES",POMONA,-117.71925,34.075879999999998
7170948,2016,2016-02-01,1900,2016-01-11,0806,529472,53T1,1,5,5,1959,0,0,0,,0,AMS,"ENCINITA AV","LOWER AZUSA RD",0.00,,Y,A,-,N,,,,,,,,,,N,3,0,2,3,A,-,10,21950,A,N,G,B,B,A,H,-,A,A,0,Y,,,,Y,,A,01,0,1,1,0,2,0,0,0,0,"- ","- ",,,"LOS ANGELES",ROSEMEAD,-118.06768006999999,34.087980049999999
7170952,2016,2016-02-01,1900,2016-01-18,0906,529472,0533,1,5,5,1959,0,0,0,,0,53APMS,"SAN GABRIEL BL","RUSH ST",15.00,N,N,B,-,N,,,,,,,,,,N,2,0,1,2,A,-,10,21950,A,N,G,B,B,A,H,-,A,A,0,Y,,,,Y,,A,01,1,0,0,0,1,0,0,0,0,"- ","- ",,,"LOS ANGELES",ROSEMEAD,-118.09052,34.051911130000001
7170965,2016,2016-02-01,1900,2016-01-14,1825,470677,1262,4,5,3,1991,0,0,0,,0,122A,"FOOTHILL BL","DALERIDGE RD",75.00,W,N,A,-,N,,,,,,,,,,,3,0,1,2,A,-,10,21950,A,F,G,B,C,A,H,-,C,A,0,Y,,,,Y,,A,01,0,1,0,0,1,0,0,0,0,"- ","- ",,,"LOS ANGELES","LA CANADA-FLINTRIDGE",-118.18248208,34.196306040000003
7170966,2016,2016-02-01,1941,2016-01-07,0555,3319,,4,5,7,1941,0,0,0,,0,,"WILTON ST",REDONDO,36.00,E,N,C,-,N,,,,,,,,,,N,4,0,1,2,A,-,11,21954,A,N,G,B,D,B,H,-,C,D,0,Y,,,Y,Y,,-,,0,0,1,0,1,0,0,0,0,"- ","- ",,,"LOS ANGELES","LONG BEACH",-118.15230178,33.7875911
7171298,2016,2016-02-04,1900,2016-01-26,1352,482459,1133,2,5,6,1992,0,0,0,,0,111T1,"WOODLARK ST","4TH ST E",20.00,W,N,A,-,N,,,,,,,,,,Y,4,0,1,2,D,-,00,,,N,G,B,E,A,H,-,A,D,0,Y,,,,Y,,-,"- ",0,0,1,0,1,0,0,0,0,"- ","- ",,,"LOS ANGELES",LANCASTER,-118.12356637000001,34.677459239999997
7171460,2016,2016-02-04,1942,2016-01-22,2230,41436,143,5,5,7,1942,0,0,0,N,0,1X11,"HILL ST","5TH ST",50.00,N,N,A,-,N,,,,,,,,,,N,4,0,1,2,A,-,06,21750,,N,G,J,E,A,H,-,C,D,0,Y,Y,,,Y,,L,04,0,0,1,0,0,0,1,0,0,"- ","- ",,,"LOS ANGELES","LOS ANGELES",-118.25169864999999,34.0488681
7171476,2016,2016-02-04,1942,2016-01-05,1405,38353,1151,2,5,7,1942,0,0,0,K,0,11A89,"SUNSET BL","VERMONT AV",5.00,W,N,C,-,N,,,,,,,,,,N,4,0,1,2,A,-,10,21950,A,N,A,B,B,B,H,-,A,A,0,Y,,,,Y,,A,01,0,0,1,0,1,0,0,0,0,"- ","- ",,,"LOS ANGELES","LOS ANGELES",-118.29178648,34.098149999999997
7171508,2016,2016-02-04,1942,2016-01-01,2300,38233,1151,5,5,7,1942,0,0,0,K,0,2T15W3,"HOLLYWOOD BL","VERMONT AV",0.00,,Y,A,-,N,,,,,,,,,,N,2,0,1,2,A,-,11,21954,A,N,G,B,B,A,-,-,C,A,0,Y,,,,Y,,A,01,1,0,0,0,1,0,0,0,0,"- ","- ",,,"LOS ANGELES","LOS ANGELES",-118.29177012,34.101170019999998
7171611,2016,2018-09-27,1922,2016-01-17,0750,651,24,7,5,6,1922,0,0,0,,0,001,"VALLEY BL","GIBSON RD",0.00,,Y,A,-,N,,,,,,,,,,N,1,1,0,2,D,-,00,,,F,G,B,-,A,H,-,A,A,0,Y,,,,Y,Y,-,"- ",0,0,0,1,0,0,0,0,0,"- ","- ",,,"LOS ANGELES","EL MONTE",-118.05071011,34.078160080000004
7171647,2016,2016-02-04,1922,2016-01-26,0724,607,,2,5,6,1922,0,0,0,,0,,"LOWER AZUSA RD","DALEVIEW ST",0.00,,Y,A,-,N,,,,,,,,,,N,3,0,1,2,A,-,03,22350,,N,D,B,B,A,H,-,A,A,0,Y,,,,Y,,A,01,0,1,0,0,1,0,0,0,0,"- ","- ",,,"LOS ANGELES","EL MONTE",-118.03216003999999,34.092680059999999
7171651,2016,2016-02-04,1922,2016-01-26,0547,569,,2,5,6,1922,0,0,0,,0,004,VALLEY,MAXSON,0.00,,Y,A,-,N,,,,,,,,,,N,4,0,2,3,A,-,10,21950,A,N,B,B,-,A,H,-,C,A,0,Y,,,,Y,,-,,0,0,2,0,2,0,0,0,0,"- ","- ",,,"LOS ANGELES","EL MONTE",-118.01539008,34.060830019999997
7171679,2016,2016-02-04,1922,2016-01-18,0115,640,,1,5,6,1922,0,0,0,,0,004,"PECK RD","GARVEY AV",20.00,N,N,A,E,N,,,,,,,,,,Y,3,0,1,2,A,-,05,21650,,N,G,B,E,A,H,-,C,A,0,Y,,,,Y,,A,01,0,1,0,0,1,0,0,0,0,"- ","- ",,,"LOS ANGELES","EL MONTE",-118.03054082,34.062904830000001
7171699,2016,2016-03-04,1900,2016-01-25,1506,505177,0465,1,5,4,1936,0,0,0,,0,46T1,"ESCALONA RD","EXCELSIOR DR",4.00,S,N,A,-,N,,,,,,,,,,N,4,0,1,2,A,-,10,21950,A,N,G,B,B,A,H,-,A,D,0,Y,,,,Y,,D,22,0,0,1,0,1,0,0,0,0,"- ","- ",,,"LOS ANGELES","LA MIRADA",-118.01161981999999,33.894329030000002
7171789,2016,2016-02-02,1942,2016-01-17,1355,40869,1803,7,5,7,1942,0,0,0,R,0,5TL25,"MANCHESTER AV","AVALON BL",10.00,S,N,A,-,N,,,,,,,,,,Y,4,0,1,2,A,-,11,21950,B,N,G,B,B,A,H,-,A,A,0,Y,,,,Y,,N,60,0,0,1,0,1,0,0,0,0,"- ","- ",,,"LOS ANGELES","LOS ANGELES",-118.26513,33.960129999999999
7171793,2016,2016-02-02,1942,2016-01-15,1955,39762,1802,5,5,7,1942,0,0,0,R,0,12T73,"MAIN ST","92ND ST",90.00,S,N,A,-,N,,,,,,,,,,N,4,0,1,2,A,-,11,21954,A,F,G,B,D,A,H,-,C,A,0,Y,,,,Y,,-,99,0,0,1,0,1,0,0,0,0,"- ","- ",,,"LOS ANGELES","LOS ANGELES",-118.27388204,33.952583259999997
7171809,2016,2016-02-02,1942,2016-01-01,0855,27259,1831,5,5,7,1942,0,0,0,R,0,3T5,"EL SEGUNDO BL","VERMONT AV",0.00,N,N,A,-,N,,,,,,,,,,N,3,0,1,2,A,-,11,21456,B,N,G,B,B,A,H,-,A,A,0,Y,,,,Y,,N,60,0,1,0,0,1,0,0,0,0,"- ","- ",,,"LOS ANGELES","LOS ANGELES",-118.29158009,33.916420100000003
7172226,2016,2016-02-04,1941,2016-01-15,1453,6114,,5,5,7,1941,0,0,0,,0,,"ANAHEIM ST","WALNUT AV",0.00,,Y,A,-,N,,,,,,,,,,N,4,0,1,2,A,-,10,21950,A,F,G,B,B,A,H,-,A,A,0,Y,,,,Y,,E,,0,0,1,0,1,0,0,0,0,"- ","- ",,,"LOS ANGELES","LONG BEACH",-118.17200007,33.782610050000002
7172506,2016,2016-02-02,1941,2016-01-11,1730,10321,,1,5,7,1941,0,0,0,,0,,ORIZABA,ARTESIA,105.00,N,N,A,-,N,,,,,,,,,,N,4,0,1,2,A,-,10,21952,,N,G,B,F,A,H,-,C,D,0,Y,,,,Y,,A,,0,0,1,0,1,0,0,0,0,"- ","- ",,,"LOS ANGELES","LONG BEACH",-118.15784453000001,33.875037910000003
7172510,2016,2016-02-02,1941,2016-01-03,0735,10130,,7,5,7,1941,0,0,0,,0,,"PINE AV","SEASIDE WY",0.00,,Y,A,-,N,,,,,,,,,,N,3,0,1,2,A,-,12,21453,A,N,D,B,D,A,H,-,A,A,0,Y,,,,Y,,N,,0,1,0,0,1,0,0,0,0,"- ","- ",,,"LOS ANGELES","LONG BEACH",-118.19239002,33.76588005
7172512,2016,2016-02-02,1941,2016-01-14,1355,6185,,4,5,7,1941,0,0,0,,0,,PACIFIC,ANAHEIM,0.00,,Y,A,-,N,,,,,,,,,,N,3,0,1,2,A,-,11,21456,B,F,G,B,B,A,H,-,A,A,0,Y,,,,Y,Y,N,,0,1,0,0,1,0,0,0,0,"- ","- ",,,"LOS ANGELES","LONG BEACH",-118.19373012,33.782600029999998
7172513,2016,2016-02-02,1941,2016-01-15,0840,5839,,5,5,7,1941,0,0,0,,0,,"LONG BEACH BL","ANAHEIM ST",0.00,,Y,B,-,N,,,,,,,,,,N,3,0,1,2,D,-,00,,,F,G,B,B,B,H,-,A,A,0,Y,,,,Y,,-,"- ",0,1,0,0,1,0,0,0,0,"- ","- ",,,"LOS ANGELES","LONG BEACH",-118.18949010999999,33.782610040000002
7172545,2016,2018-09-27,1942,2016-01-15,0620,33504,1964,5,5,7,1942,0,0,0,,0,9TL57,"VAN NUYS BL","OSBORNE ST",164.00,N,N,B,-,N,,,,,,,,,,N,1,1,0,2,A,-,11,21955,,F,G,B,D,A,H,-,C,D,0,Y,,,,Y,Y,N,60,0,0,0,1,0,0,0,0,0,"- ","- ",,,"LOS ANGELES","LOS ANGELES",-118.45025,34.233539839999999
7172548,2016,2016-02-01,1969,2016-01-07,1826,20226,TRAFF,4,5,5,1969,0,0,0,,0,004,"TWEEDY BL","BOWMAN AV",0.00,,Y,A,-,N,,,,,,,,,,N,4,0,1,2,A,-,10,21950,A,N,G,B,B,A,H,-,C,A,0,Y,,,,Y,,A,01,0,0,1,0,1,0,0,0,0,"- ","- ",,,"LOS ANGELES","SOUTH GATE",-118.19562003999999,33.94312
7173014,2016,2016-02-02,1941,2016-01-14,1435,6117,,4,5,7,1941,0,0,0,,0,,"E 55TH ST","LOCUST AV",5.00,W,N,A,-,N,,,,,,,,,,N,4,0,1,2,A,-,08,22101,,N,E,B,F,A,H,-,A,D,0,Y,,,,Y,Y,A,,0,0,1,0,1,0,0,0,0,"- ","- ",,,"LOS ANGELES","LONG BEACH",-118.18987644000001,33.855930000000001
7173023,2016,2016-02-02,1941,2016-01-13,1812,10005,,3,5,7,1941,0,0,0,,0,,"MAGNOLIA AV",OCEAN,10.00,N,N,A,-,N,,,,,,,,,,N,4,0,1,2,A,-,10,21950,A,N,G,B,B,A,H,-,C,A,0,Y,,,,Y,,A,,0,0,1,0,1,0,0,0,0,"- ","- ",,,"LOS ANGELES","LONG BEACH",-118.19807,33.767417420000001
7173028,2016,2016-02-02,1941,2016-01-19,1808,5611,,2,5,7,1941,0,0,0,,0,,"SANTA FE AV",WARDLOW,102.00,S,N,A,-,N,,,,,,,,,,N,3,0,1,2,A,-,11,21954,A,N,G,B,D,A,H,-,C,A,0,Y,,,,Y,Y,N,,0,1,0,0,1,0,0,0,0,"- ","- ",,,"LOS ANGELES","LONG BEACH",-118.21553,33.824110619999999
7173029,2016,2016-02-02,1941,2016-01-10,2000,10795,,7,5,7,1941,0,0,0,,0,,"3RD ST","TEMPLE AV",0.00,,Y,A,-,N,,,,,,,,,,N,3,0,1,2,A,-,00,20001,A,F,G,B,B,A,H,-,C,A,0,Y,,,,Y,Y,A,,0,1,0,0,1,0,0,0,0,"- ","- ",,,"LOS ANGELES","LONG BEACH",-118.15894007,33.768060040000002
7173035,2016,2016-02-02,1941,2016-01-10,1803,10683,,7,5,7,1941,0,0,0,,0,,"ANAHEIM ST","ATLANTIC AV",0.00,,Y,A,-,N,,,,,,,,,,N,4,0,1,2,A,-,10,21950,A,N,G,B,B,A,H,-,C,A,0,Y,,,,Y,,A,,0,0,1,0,1,0,0,0,0,"- ","- ",,,"LOS ANGELES","LONG BEACH",-118.18504007999999,33.782610050000002
7173038,2016,2016-02-02,1941,2016-01-11,0024,10519,,1,5,7,1941,0,0,0,,0,,"10TH ST","JUNIPERO AV",0.00,,Y,A,-,N,,,,,,,,,,N,2,0,1,2,A,-,11,21453,D,N,G,B,D,A,H,-,C,A,0,Y,,,,Y,,N,,1,0,0,0,1,0,0,0,0,"- ","- ",,,"LOS ANGELES","LONG BEACH",-118.16333,33.778940069999997
7173858,2016,2016-02-29,1942,2016-01-05,2130,36599,0901,2,5,7,1942,0,0,0,I,0,10T37,"SEPULVEDA BL","WYANDOTTE ST",0.00,,Y,A,-,N,,,,,,,,,,N,4,0,1,2,A,-,03,22350,,F,G,B,B,A,H,-,C,A,0,Y,,,,Y,,-,99,0,0,1,0,1,0,0,0,0,"- ","- ",,,"LOS ANGELES","LOS ANGELES",-118.46620003,34.203000099999997
7174018,2016,2016-02-04,1941,2016-01-16,1342,6088,,6,5,7,1941,0,0,0,,0,,"BELLFLOWER BL","STERNS ST",324.00,N,N,A,-,N,,,,,,,,,,N,4,0,1,2,A,-,09,21804,A,N,G,B,F,A,H,-,A,D,0,Y,,,,Y,,A,,0,0,1,0,1,0,0,0,0,"- ","- ",,,"LOS ANGELES","LONG BEACH",-118.12531102,33.796855399999998
7174049,2016,2016-02-04,1948,2016-01-24,1456,375,1948,7,5,5,1948,0,0,0,,0,001,"ATLANTIC BL","EMERSON AV",531.00,S,N,A,-,N,,,,,,,,,,N,4,0,1,2,A,-,10,21950,A,N,G,B,B,A,H,-,A,A,0,Y,,,,Y,,-,,0,0,1,0,1,0,0,0,0,"- ","- ",,,"LOS ANGELES","MONTEREY PARK",-118.13431654999999,34.064654060000002
7174077,2016,2017-02-11,1941,2016-01-21,0847,5839,,4,5,7,1941,0,0,0,,0,,"PACIFIC COAST HWY",GAVIOTA,90.00,E,N,A,-,Y,LA,7,1,-,-,5.180,H,-,N,N,4,0,1,2,A,-,11,21954,A,N,G,B,D,A,H,-,A,D,0,Y,,,,Y,,N,,0,0,1,0,1,0,0,0,0,"- ","- ",,,"LOS ANGELES","LONG BEACH",-118.17054133000001,33.789917330000002
7174092,2016,2016-02-05,1942,2016-01-16,0030,30083,1141,6,5,7,1942,0,0,0,K,0,11T21,"HOLLYWOOD BL","EDGEMONT ST",0.00,,Y,A,-,N,,,,,,,,,,N,4,0,1,2,A,-,10,21950,A,N,G,B,B,A,H,-,C,A,0,Y,,,,Y,,-,99,0,0,1,0,1,0,0,0,0,"- ","- ",,,"LOS ANGELES","LOS ANGELES",-118.29614008999999,34.10178002
7174186,2016,2018-03-16,1942,2016-01-16,2245,40971,0513,6,5,7,1942,0,0,0,E,0,3T5,"RT 1","DODGE AV",293.00,E,N,A,-,Y,LA,7,1,-,-,11.950,H,-,S,Y,2,0,2,2,A,-,11,21955,,N,G,B,D,A,H,-,D,D,0,Y,,,,Y,Y,N,60,1,1,0,0,1,0,0,0,0,"- ","- ",,,"LOS ANGELES","LOS ANGELES",-118.28796733,33.790948
7174222,2016,2016-02-04,1942,2016-01-13,0845,41396,0911,3,5,7,1942,0,0,0,I,0,9T53,"VOSE ST","SEPULVEDA BL",10.00,W,N,A,-,N,,,,,,,,,,N,4,0,1,2,A,-,10,21950,A,N,G,B,B,A,H,-,A,A,0,Y,,,,Y,,A,01,0,0,1,0,1,0,0,0,0,"- ","- ",,,"LOS ANGELES","LOS ANGELES",-118.46623301,34.198439999999998
7174242,2016,2016-02-04,1942,2016-01-17,1950,41774,2157,7,5,7,1942,0,0,0,,0,2114,"INDEPENDENCE AV","KITTRIDGE AV",240.00,,N,A,-,N,,,,,,,,,,N,3,0,1,2,A,-,11,21954,A,N,G,B,D,A,H,-,C,D,0,Y,,,,Y,,N,60,0,1,0,0,1,0,0,0,0,"- ","- ",,,"LOS ANGELES","LOS ANGELES",-118.59061006,34.191140019999999
7174261,2016,2016-02-04,1942,2016-01-16,1945,40820,0963,6,5,7,1942,0,0,0,I,0,19T73,"MAGNOLIA BL","KESTER AV",15.00,W,N,A,-,N,,,,,,,,,,N,3,0,1,2,A,-,10,21950,A,N,G,B,B,A,H,-,C,A,0,Y,,,,Y,,A,01,0,1,0,0,1,0,0,0,0,"- ","- ",,,"LOS ANGELES","LOS ANGELES",-118.4574595,34.164850000000001
7174281,2016,2016-02-04,1942,2016-01-16,1510,33294,0931,6,5,7,1942,0,0,0,I,0,35M72,"SEPULVEDA BL","VENTURA BL",150.00,S,N,A,-,N,,,,,,,,,,N,3,0,1,2,B,-,22,,,F,G,B,E,A,H,-,A,A,0,Y,,,,Y,,-,99,0,1,0,0,1,0,0,0,0,"- ","- ",,,"LOS ANGELES","LOS ANGELES",-118.46619459,34.153418619999997
7174286,2016,2016-02-04,1942,2016-01-16,1850,31652,1961,6,5,7,1942,0,0,0,,0,19T73,"NORDHOFF ST","ORION AV",55.00,W,N,A,-,N,,,,,,,,,,N,3,0,1,2,A,-,11,21955,,N,G,B,D,A,H,-,C,D,0,Y,,,,Y,,N,60,0,1,0,0,1,0,0,0,0,"- ","- ",,,"LOS ANGELES","LOS ANGELES",-118.47213164999999,34.23556
7174294,2016,2016-02-09,1942,2016-01-22,1320,26319,1993,5,5,7,1942,0,0,0,,0,19TL74,"LANGDON AV","ROSCOE BL",450.00,S,N,A,-,N,,,,,,,,,,,4,0,1,2,B,-,22,,,N,G,B,E,A,H,-,A,D,0,Y,,,,Y,,-,"- ",0,0,1,0,1,0,0,0,0,"- ","- ",,,"LOS ANGELES","LOS ANGELES",-118.46990959999999,34.220156269999997
7174549,2016,2017-02-10,1900,2016-01-08,1830,525042,1016,5,5,3,1995,0,0,0,,0,101T1,"RT 1","CARBON CANYON",4224.00,N,N,B,-,Y,LA,7,1,-,-,45.850,H,-,S,Y,2,0,1,2,A,-,10,21950,A,N,G,B,C,A,H,-,C,A,0,Y,,,,Y,Y,N,60,1,0,0,0,1,0,0,0,0,"- ","- ",34.039589999999997,-118.66524,"LOS ANGELES",MALIBU,-118.66539433,34.039614540000002
7174563,2016,2016-02-05,1942,2016-01-01,1500,36926,1132,5,5,7,1942,0,0,0,K,0,11TL32,"ROWENA BL","LOS FELIZ BL",5.00,S,N,A,-,N,,,,,,,,,,N,4,0,1,2,A,-,10,21950,A,N,G,B,B,A,H,-,A,D,0,Y,,,,Y,,A,01,0,0,1,0,1,0,0,0,0,"- ","- ",,,"LOS ANGELES","LOS ANGELES",-118.28278572000001,34.11274676
7174579,2016,2016-02-05,1942,2016-01-12,1420,40099,1163,2,5,7,1942,0,0,0,K,0,2T28,"VERMONT PL","VERMONT AV",123.00,E,N,A,-,N,,,,,,,,,,Y,3,0,2,3,A,-,03,22350,,N,G,B,D,A,H,-,A,D,0,Y,,,,Y,,A,01,0,1,1,0,1,0,0,0,0,"- ","- ",,,"LOS ANGELES","LOS ANGELES",-118.29135456,34.092415989999999
7174654,2016,2016-02-05,1956,2016-01-18,1807,1257,67,1,5,5,1956,0,0,0,,0,004,"DOOLITTLE DR","MANHATTAN BEACH BL",827.00,N,N,A,-,N,,,,,,,,,,N,4,0,1,2,D,-,00,,,N,G,B,B,A,H,-,C,A,0,Y,,,,Y,,-,"- ",0,0,1,0,1,0,0,0,0,"- ","- ",,,"LOS ANGELES","REDONDO BEACH",-118.37438,33.889728310000002
7175121,2016,2016-02-03,1942,2016-01-22,1000,38124,0158,5,5,7,1942,0,0,0,A,0,4TL43,"GLADYS AV","6TH ST",330.00,N,N,A,-,N,,,,,,,,,,N,3,0,1,2,A,-,11,21954,A,F,G,B,E,A,H,-,A,D,0,Y,,,,Y,,N,60,0,1,0,0,1,0,0,0,0,"- ","- ",,,"LOS ANGELES","LOS ANGELES",-118.24144075,34.041035860000001
7175129,2016,2016-02-03,1942,2016-01-21,1700,34426,0162,4,5,7,1942,0,0,0,A,0,2T28,"GRAND AV","9TH ST",200.00,N,N,A,-,N,,,,,,,,,,N,4,0,1,2,A,-,11,21954,A,N,G,B,E,A,H,-,B,D,0,Y,,,,Y,,N,60,0,0,1,0,1,0,0,0,0,"- ","- ",,,"LOS ANGELES","LOS ANGELES",-118.29016790999999,33.736598440000002
7175145,2016,2016-02-03,1942,2016-01-23,1255,41027,0159,6,5,7,1942,0,0,0,A,0,1A35,"6TH ST","SANTA FE ST",60.00,E,N,A,-,N,,,,,,,,,,N,4,0,1,2,A,-,03,22350,,F,G,B,E,A,H,-,D,D,0,Y,,,,Y,,-,"- ",0,0,1,0,1,0,0,0,0,"- ","- ",,,"LOS ANGELES","LOS ANGELES",-118.23034273,34.038540269999999
7175165,2016,2016-02-03,1942,2016-01-12,0830,40008,0132,2,5,7,1942,0,0,0,A,0,13TL55,"DEWAP RD","W 1ST ST",5.00,N,N,A,-,N,,,,,,,,,,N,3,0,1,2,A,-,10,21950,A,N,D,B,B,A,H,-,A,D,0,Y,,,,Y,,A,01,0,1,0,0,1,0,0,0,0,"- ","- ",,,"LOS ANGELES","LOS ANGELES",-118.25182,34.057679999999998
7175207,2016,2016-02-04,1942,2016-01-04,1435,33294,1657,1,5,7,1942,0,0,0,P,0,17T12,"APPERSON ST","TUJUNGA CANYON BL",0.00,,Y,A,-,N,,,,,,,,,,N,2,0,1,2,A,-,10,21950,A,N,G,B,B,A,H,-,A,A,0,Y,,,,Y,,A,07,1,0,0,0,1,0,0,0,0,"- ","- ",,,"LOS ANGELES","LOS ANGELES",-118.29105002,34.255940029999998