CASE_ID,ACCIDENT_YEAR,PROC_DATE,JURIS,COLLISION_DATE,COLLISION_TIME,OFFICER_ID,REPORTING_DISTRICT,DAY_OF_WEEK,CHP_SHIFT,POPULATION,CNTY_CITY_LOC,SPECIAL_COND,BEAT_TYPE,CHP_BEAT_TYPE,CITY_DIVISION_LAPD,CHP_BEAT_CLASS,BEAT_NUMBER,PRIMARY_RD,SECONDARY_RD,DISTANCE,DIRECTION,INTERSECTION,WEATHER_1,WEATHER_2,STATE_HWY_IND,CALTRANS_COUNTY,CALTRANS_DISTRICT,STATE_ROUTE,ROUTE_SUFFIX,POSTMILE_PREFIX,POSTMILE,LOCATION_TYPE,RAMP_INTERSECTION,SIDE_OF_HWY,TOW_AWAY,COLLISION_SEVERITY,NUMBER_KILLED,NUMBER_INJURED,PARTY_COUNT,PRIMARY_COLL_FACTOR,PCF_CODE_OF_VIOL,PCF_VIOL_CATEGORY,PCF_VIOLATION,PCF_VIOL_SUBSECTION,HIT_AND_RUN,TYPE_OF_COLLISION,MVIW,PED_ACTION,ROAD_SURFACE,ROAD_COND_1,ROAD_COND_2,LIGHTING,CONTROL_DEVICE,CHP_ROAD_TYPE,PEDESTRIAN_ACCIDENT,BICYCLE_ACCIDENT,MOTORCYCLE_ACCIDENT,TRUCK_ACCIDENT,NOT_PRIVATE_PROPERTY,ALCOHOL_INVOLVED,STWD_VEHTYPE_AT_FAULT,CHP_VEHTYPE_AT_FAULT,COUNT_SEVERE_INJ,COUNT_VISIBLE_INJ,COUNT_COMPLAINT_PAIN,COUNT_PED_KILLED,COUNT_PED_INJURED,COUNT_BICYCLIST_KILLED,COUNT_BICYCLIST_INJURED,COUNT_MC_KILLED,COUNT_MC_INJURED,PRIMARY_RAMP,SECONDARY_RAMP,LATITUDE,LONGITUDE,COUNTY,CITY,POINT_X,POINT_Y
7195540,2016,2016-02-29,1942,2016-02-12,1405,37582,963,5,5,7,1942,0,0,0,,0,9A63,"VAN NUYS BL","ADDISON ST",0.00,,Y,A,-,N,,,,,,,,,,N,3,0,1,2,A,-,10,21950,A,N,G,B,B,A,H,-,A,A,0,Y,,,,Y,,A,01,0,1,0,0,1,0,0,0,0,"- ","- ",,,"LOS ANGELES","LOS ANGELES",-118.44869009999999,34.161220040000003
7195563,2016,2016-02-29,1931,2016-02-11,1423,5195,1931,4,5,5,1931,0,0,0,,0,003,"ZOE AV","SANTA FE AV EAST ALLEY",2.00,E,N,A,-,N,,,,,,,,,,N,3,0,1,3,A,-,11,21954,A,N,D,B,D,A,H,-,A,D,0,Y,Y,,,Y,Y,N,60,0,1,0,0,1,0,0,0,0,"- ","- ",,,"LOS ANGELES","HUNTINGTON PARK",-118.2303,33.979266000000003
7195566,2016,2017-02-03,1900,2016-02-16,1935,520269,2317,2,5,5,1919,0,0,0,,0,230E,"PARK PLAZA DR","RT 91",0.00,,Y,A,-,Y,LA,7,91,-,R,19.791,R,3,E,N,4,0,1,2,A,-,10,21950,A,N,G,B,B,A,H,-,B,A,0,Y,,,,Y,,A,07,0,0,1,0,1,0,0,0,0,"- ",EO,,,"LOS ANGELES",CERRITOS,-118.05539468000001,33.869929380000002
7195605,2016,2016-03-01,1942,2016-02-18,1825,26947,1794,4,5,7,1942,0,0,0,Q,0,35MX10,"CHASE ST","ETIWANDA AV",110.00,E,N,A,-,N,,,,,,,,,,N,4,0,1,3,A,-,01,23152,A,F,B,E,-,A,H,-,B,D,0,Y,,,,Y,Y,A,01,0,0,1,0,1,0,0,0,0,"- ","- ",,,"LOS ANGELES","LOS ANGELES",-118.53136674,34.224600000000002
7195634,2016,2016-03-01,1942,2016-02-09,2025,41422,1519,2,5,7,1942,0,0,0,O,0,15A21,"VICTORY BL","VINELAND AV",0.00,,Y,A,-,N,,,,,,,,,,N,4,0,1,2,A,-,11,21950,B,N,G,B,B,A,H,-,C,A,0,Y,,,,Y,Y,A,01,0,0,1,0,1,0,0,0,0,"- ","- ",,,"LOS ANGELES","LOS ANGELES",-118.3703101,34.186690040000002
7195635,2016,2017-02-11,1976,2016-01-21,1905,429,,4,5,5,1976,0,0,0,,0,002,"WHITTIER BL","PENN ST",450.00,W,N,A,-,Y,LA,7,72,-,-,4.950,H,-,N,N,3,0,1,2,A,-,11,21954,A,N,G,B,C,A,H,-,D,D,0,Y,,,,Y,Y,N,60,0,1,0,0,1,0,0,0,0,"- ","- ",,,"LOS ANGELES",WHITTIER,-118.04774335,33.976800949999998
7195669,2016,2016-03-01,1942,2016-02-16,1350,38326,2107,2,5,7,1942,0,0,0,,0,15TL44,"VARIEL AV","ROSCOE BL",10.00,N,N,A,-,N,,,,,,,,,,N,4,0,1,2,D,-,00,,,N,F,B,B,A,H,-,A,A,0,Y,,,,Y,,-,"- ",0,0,1,0,1,0,0,0,0,"- ","- ",,,"LOS ANGELES","LOS ANGELES",-118.59289,34.219957430000001
7195673,2016,2016-03-01,1942,2016-02-11,1910,40820,2136,4,5,7,1942,0,0,0,,0,19T73,"SHERMAN WY","ETON AV",12.00,E,N,A,-,N,,,,,,,,,,N,3,0,1,2,A,-,10,21950,A,N,G,B,B,A,H,-,C,A,0,Y,,,,Y,,A,01,0,1,0,0,1,0,0,0,0,"- ","- ",,,"LOS ANGELES","LOS ANGELES",-118.59544038,34.201079999999997
7195843,2016,2016-03-11,1965,2016-02-20,1220,3764,0B3C,6,5,5,1965,0,0,0,,0,B003,"16TH CT","OLYMPIC BL",45.00,S,N,A,-,N,,,,,,,,,,N,4,0,1,2,D,-,00,,,N,H,B,E,A,H,-,A,D,0,Y,,,,Y,,-,"- ",0,0,1,0,1,0,0,0,0,"- ","- ",,,"LOS ANGELES","SANTA MONICA",-118.47878,34.021279999999997
7195888,2016,2016-03-11,1925,2016-02-13,1651,20886,274,6,5,6,1925,0,0,0,,0,002,"SAN FERNANDO RD","CYPRESS ST",0.00,,Y,A,-,N,,,,,,,,,,N,4,0,1,2,A,-,10,21950,A,N,G,B,B,A,H,-,A,A,0,Y,,,,Y,Y,I,11,0,0,1,0,1,0,0,0,0,"- ","- ",,,"LOS ANGELES",GLENDALE,-118.26056005,34.12988009
7195923,2016,2016-03-01,1925,2016-02-11,0942,14676,162,4,5,6,1925,0,0,0,,0,004,"JACKSON ST","DRYDEN AV",195.00,N,N,A,-,N,,,,,,,,,,N,4,0,1,2,A,-,21,22106,,N,G,B,F,A,H,-,A,D,0,Y,,,,Y,,A,01,0,0,1,0,1,0,0,0,0,"- ","- ",,,"LOS ANGELES",GLENDALE,-118.24992718,34.16197648
7196225,2016,2016-03-09,1942,2016-02-21,2045,41239,1024,7,5,7,1942,0,0,0,J,0,16T23,"BAIRD AV","BASSETT ST",130.00,S,N,A,-,N,,,,,,,,,,N,4,0,1,3,A,-,21,22106,,N,G,B,E,A,H,-,C,D,0,Y,,,,Y,,D,22,0,0,1,0,1,0,0,0,0,"- ","- ",,,"LOS ANGELES","LOS ANGELES",-118.53732409,34.195313419999998
7196244,2016,2016-03-02,1942,2016-02-16,0655,38996,1606,2,5,7,1942,0,0,0,P,0,16TL25,"FOOTHILL BL","CLYBOURN AV",180.00,W,N,A,-,N,,,,,,,,,,N,3,0,1,2,A,-,03,22350,,N,G,-,E,A,H,-,A,D,0,Y,,,,Y,,A,01,0,1,0,0,1,0,0,0,0,"- ","- ",,,"LOS ANGELES","LOS ANGELES",-118.37441466999999,34.274645190000001
7196252,2016,2016-03-02,1942,2016-02-13,1645,39335,1695,6,5,7,1942,0,0,0,P,0,9TL56,"STAGG ST","VINELAND AV",30.00,W,N,A,-,N,,,,,,,,,,N,3,0,1,2,A,-,10,21950,A,N,A,B,B,A,H,-,A,A,0,Y,,,,Y,,A,01,0,1,0,0,1,0,0,0,0,"- ","- ",,,"LOS ANGELES","LOS ANGELES",-118.37043902000001,34.212041710000001
7196257,2016,2017-02-03,1941,2016-02-17,1040,6162,,3,5,7,1941,0,0,0,,0,,"ATLANTIC AV","RT 91",0.00,,Y,A,-,Y,LA,7,91,-,R,11.748,R,1,E,N,4,0,1,2,D,-,00,,,M,-,B,B,A,H,-,A,A,0,Y,,,,Y,,-,"- ",0,0,1,0,1,0,0,0,0,"- ",EF,,,"LOS ANGELES","LONG BEACH",-118.19180569,33.876019749999998
7196269,2016,2016-03-02,1941,2016-02-17,1744,5620,,3,5,7,1941,0,0,0,,0,,"LONG BEACH BL","69TH ST",74.00,S,N,C,-,N,,,,,,,,,,N,4,0,1,2,A,-,11,21954,A,N,G,B,D,B,H,-,B,D,0,Y,,,,Y,,N,,0,0,1,0,1,0,0,0,0,"- ","- ",,,"LOS ANGELES","LONG BEACH",-118.20419467000001,33.879092380000003
7196273,2016,2016-03-02,1941,2016-02-17,1740,10806,,3,5,7,1941,0,0,0,,0,,"ATLANTIC AV","ALOHA DR",0.00,,Y,C,-,N,,,,,,,,,,N,2,0,1,2,A,-,10,21950,A,N,G,B,B,B,H,-,C,A,0,Y,,,,Y,,A,,1,0,0,0,1,0,0,0,0,"- ","- ",,,"LOS ANGELES","LONG BEACH",-118.18606010000001,33.871140060000002
7196276,2016,2016-03-02,1942,2016-02-12,0730,39096,1601,5,5,7,1942,0,0,0,P,0,15TL47,"DRONFIELD AV","PAXTON ST",0.00,,Y,A,-,N,,,,,,,,,,N,4,0,1,2,A,-,00,20015,,N,G,B,B,A,H,-,A,A,0,Y,,,,Y,,-,"- ",0,0,1,0,1,0,0,0,0,"- ","- ",,,"LOS ANGELES","LOS ANGELES",-118.41145003,34.284420019999999
7196280,2016,2016-03-02,1942,2016-02-21,1950,38354,1581,7,5,7,1942,0,0,0,O,0,9T55,"MOORPARK ST","LAUREL CANYON BL",10.00,E,N,A,-,N,,,,,,,,,,Y,2,0,1,2,A,-,01,23152,A,N,G,B,B,A,H,-,C,A,0,Y,,,,Y,Y,A,01,1,0,0,0,1,0,0,0,0,"- ","- ",,,"LOS ANGELES","LOS ANGELES",-118.39645702,34.150379399999998
7196311,2016,2016-03-02,1942,2016-02-01,1140,40193,1063,1,5,7,1942,0,0,0,J,0,17TL14,"BURBANK BL","YOLANDA AV",0.00,,Y,A,-,N,,,,,,,,,,N,4,0,1,2,A,-,10,21950,A,N,G,B,B,A,H,-,A,A,0,Y,,,,Y,,A,01,0,0,1,0,1,0,0,0,0,"- ","- ",,,"LOS ANGELES","LOS ANGELES",-118.54073004,34.172350049999999
7196316,2016,2016-03-02,1942,2016-02-12,1950,37562,1532,5,5,7,1942,0,0,0,O,0,15A43,"SAINT CLAIR AV",BURBANK,0.00,,Y,A,-,N,,,,,,,,,,N,4,0,1,2,A,-,10,21950,A,N,G,B,B,A,H,-,C,D,0,Y,,,,Y,,A,01,0,0,1,0,1,0,0,0,0,"- ","- ",,,"LOS ANGELES","LOS ANGELES",-118.39982010999999,34.172120110000002
7196320,2016,2016-03-02,1942,2016-02-12,2130,40857,1585,5,5,7,1942,0,0,0,O,0,15A27,"VENTURA BL","EUREKA DR",300.00,E,N,A,-,N,,,,,,,,,,N,3,0,1,2,A,-,11,21954,A,N,G,B,D,A,H,-,C,A,0,Y,,,,Y,,N,60,0,1,0,0,1,0,0,0,0,"- ","- ",,,"LOS ANGELES","LOS ANGELES",-118.37543454,34.14120819
7196329,2016,2016-03-08,1942,2016-02-10,1950,31923,1515,3,5,7,1942,0,0,0,O,0,15A39,"RADFORD AV","HART ST",0.00,,Y,A,-,N,,,,,,,,,,N,2,0,1,2,A,-,10,21950,A,N,G,B,B,A,H,-,C,A,0,Y,,,,Y,,A,01,1,0,0,0,1,0,0,0,0,"- ","- ",,,"LOS ANGELES","LOS ANGELES",-118.39215014,34.197560009999997
7196337,2016,2016-03-08,1942,2016-02-18,0625,38687,0901,4,5,7,1942,0,0,0,I,0,19TL77,"SATICOY ST","SEPULVEDA BL",0.00,,Y,C,-,N,,,,,,,,,,N,3,0,1,2,D,-,00,,,N,G,B,B,B,H,-,-,A,0,Y,,,,Y,,-,"- ",0,1,0,0,1,0,0,0,0,"- ","- ",,,"LOS ANGELES","LOS ANGELES",-118.46621008,34.208450050000003
7196349,2016,2016-03-08,1942,2016-02-16,1500,36542,1782,2,5,7,1942,0,0,0,Q,0,19T74W,"CORBIN AV","PATHERNIA ST",214.00,N,N,A,-,N,,,,,,,,,,N,4,0,1,2,B,-,22,,,N,D,B,-,A,H,-,A,D,0,Y,,,,Y,,A,01,0,0,1,0,1,0,0,0,0,"- ","- ",,,"LOS ANGELES","LOS ANGELES",-118.56229399999999,34.228807000000003
7196350,2016,2016-03-01,1942,2016-02-11,0815,39446,1043,4,5,7,1942,0,0,0,J,0,10A83,"RESEDA BL","COLLINS ST",0.00,,Y,A,-,N,,,,,,,,,,N,4,0,1,2,A,-,10,21952,,N,G,B,C,A,H,-,A,B,0,Y,,,,Y,,A,01,0,0,1,0,1,0,0,0,0,"- ","- ",,,"LOS ANGELES","LOS ANGELES",-118.53600004,34.174910060000002
7196362,2016,2016-03-01,1942,2016-02-19,2251,32774,,5,5,7,1942,0,0,0,,0,,"LA MAIDA ST","RIVERSIDE DR",10.00,N,N,A,-,N,,,,,,,,,,N,4,0,1,2,A,-,21,22106,,N,B,B,B,A,H,-,C,D,0,Y,,,,Y,,-,99,0,0,1,0,1,0,0,0,0,"- ","- ",,,"LOS ANGELES","LOS ANGELES",-118.40945000000001,34.157637430000001
7196373,2016,2016-03-08,1942,2016-02-18,0810,38687,1762,4,5,7,1942,0,0,0,Q,0,19TL77,"LURLINE AV","LASSEN ST",0.00,,Y,A,-,N,,,,,,,,,,N,4,0,1,2,A,-,10,21950,A,N,G,B,B,A,H,-,A,A,0,Y,,,,Y,,A,01,0,0,1,0,1,0,0,0,0,"- ","- ",,,"LOS ANGELES","LOS ANGELES",-118.58417007,34.249990070000003
7196402,2016,2016-03-10,1902,2016-02-25,1827,702,34,4,5,5,1902,0,0,0,,0,005,"EL MONTE AV","LONGDEN AV",0.00,,Y,A,-,N,,,,,,,,,,N,3,0,1,2,A,-,10,21952,,N,D,B,B,A,H,-,C,D,0,Y,,,,Y,,D,22,0,1,0,0,1,0,0,0,0,"- ","- ",,,"LOS ANGELES",ARCADIA,-118.03838012999999,34.114090040000001
7196520,2016,2016-08-15,1965,2016-01-14,1145,3693,0BIK,4,5,5,1965,0,0,0,,0,B001,"4TH ST","SANTA MONICA BL",0.00,,Y,A,-,N,,,,,,,,,,,3,0,1,2,A,-,10,21950,A,F,G,B,B,A,H,-,A,A,0,Y,,,,Y,,A,01,0,1,0,0,1,0,0,0,0,"- ","- ",,,"LOS ANGELES","SANTA MONICA",-118.49519012,34.016430030000002
7196686,2016,2016-03-09,1942,2016-01-28,1830,27792,1039,4,5,7,1942,0,0,0,J,0,10T35,"VANOWEN ST","GAVIOTA AV",39.00,W,N,B,-,N,,,,,,,,,,N,2,0,1,2,A,-,11,21955,,N,G,B,D,A,H,-,D,D,0,Y,,,,Y,,N,60,1,0,0,0,1,0,0,0,0,"- ","- ",,,"LOS ANGELES","LOS ANGELES",-118.48161874,34.193910000000002
7196690,2016,2016-03-09,1942,2016-01-27,2145,40155,1754,3,5,7,1942,0,0,0,Q,0,16T23,DEVONSHIRE,RESEDA,3.00,E,N,A,-,N,,,,,,,,,,N,4,0,1,2,A,-,10,21950,A,N,G,B,B,A,H,-,B,A,0,Y,,,,Y,,A,01,0,0,1,0,1,0,0,0,0,"- ","- ",,,"LOS ANGELES","LOS ANGELES",-118.53608009,34.257260000000002
7196709,2016,2016-03-09,1900,2016-01-25,1200,520746,0456,1,5,6,1949,0,0,0,,0,43T1D,"ALONDRA BL","BLOOMFIELD AV",438.00,W,N,A,-,N,,,,,,,,,,N,3,0,1,2,A,-,11,21954,A,N,G,B,E,A,H,-,A,D,0,Y,,,,Y,,N,60,0,1,0,0,1,0,0,0,0,"- ","- ",,,"LOS ANGELES",NORWALK,-118.06562001,33.887786910000003
7196729,2016,2016-02-29,1942,2016-02-02,1900,32576,0833,2,5,7,1942,0,0,0,H,0,8A1,"WILSHIRE BL","WESTWOOD BL",0.00,,Y,A,-,N,,,,,,,,,,N,3,0,1,2,A,-,10,21950,A,N,G,B,B,A,H,-,C,A,0,Y,,,,Y,,A,01,0,1,0,0,1,0,0,0,0,"- ","- ",,,"LOS ANGELES","LOS ANGELES",-118.44392006,34.058779999999999
7196735,2016,2016-02-29,1955,2016-02-17,1054,42150,0093,3,5,6,1955,0,0,0,,0,004,"MISSION BL","SAN ANTONIO AV",0.00,,Y,A,-,N,,,,,,,,,,N,4,0,1,2,A,-,10,21950,A,N,G,B,B,A,H,-,A,A,0,Y,,,,Y,,I,19,0,0,1,0,1,0,0,0,0,"- ","- ",,,"LOS ANGELES",POMONA,-117.73695005,34.055440009999998
7196773,2016,2016-03-03,1900,2016-02-13,1925,533018,283T1,6,5,5,1915,0,0,0,,0,283T1,"SANTA FE AV","PINE ST",65.00,S,N,A,-,N,,,,,,,,,,N,4,0,1,2,A,-,11,21954,A,N,G,B,D,A,H,-,C,A,0,Y,,,,Y,,N,60,0,0,1,0,1,0,0,0,0,"- ","- ",,,"LOS ANGELES",COMPTON,-118.21668,33.91142
7196837,2016,2016-08-16,1942,2016-02-17,1750,42033,2099,3,5,7,1942,0,0,0,,0,20A74,"WASHINGTON BL","WESTMORELAND AV",0.00,,Y,C,-,N,,,,,,,,,,N,4,0,1,2,A,-,10,21950,A,N,G,B,D,B,H,-,C,D,0,Y,,,,Y,,A,01,0,0,1,0,1,0,0,0,0,"- ","- ",,,"LOS ANGELES","LOS ANGELES",-118.28965011,34.040010080000002
7196885,2016,2016-03-07,1942,2016-01-28,0750,32996,1383,4,5,7,1942,0,0,0,M,0,13TL55,"61ST ST","MAIN ST",12.00,E,N,A,-,N,,,,,,,,,,N,3,0,1,2,A,-,10,21950,A,N,G,B,B,A,H,-,A,A,0,Y,,,,Y,,D,22,0,1,0,0,1,0,0,0,0,"- ","- ",,,"LOS ANGELES","LOS ANGELES",-118.27390049,33.984229999999997
7196887,2016,2016-03-08,1942,2016-02-06,2040,2516,0295,6,5,7,1942,0,0,0,B,0,11T21,"UNION AV","PICO BL",431.00,S,N,A,-,N,,,,,,,,,,N,2,0,1,2,A,-,11,21954,A,N,G,B,D,A,H,-,C,D,0,Y,,,,Y,,N,60,1,0,0,0,1,0,0,0,0,"- ","- ",,,"LOS ANGELES","LOS ANGELES",-118.27757097999999,34.043591220000003
7196888,2016,2016-03-08,1942,2016-02-06,0105,37639,0285,6,5,7,1942,0,0,0,B,0,2A47,"12TH ST","BURLINGTON AV",12.00,E,N,A,-,N,,,,,,,,,,Y,3,0,3,2,A,-,01,23152,A,N,E,I,-,A,H,-,D,D,0,Y,,,,Y,Y,D,22,0,3,0,0,1,0,0,0,0,"- ","- ",,,"LOS ANGELES","LOS ANGELES",-118.27840537,34.047294129999997
7196901,2016,2016-03-11,1942,2016-02-03,1535,40452,0656,3,5,7,1942,0,0,0,F,0,6TL4,"VINE ST","ROMAINE ST",8.00,S,N,A,-,N,,,,,,,,,,N,3,0,1,2,A,-,10,21950,A,N,G,B,B,A,H,-,A,A,0,Y,,,,Y,,D,22,0,1,0,0,1,0,0,0,0,"- ","- ",,,"LOS ANGELES","LOS ANGELES",-118.32662000000001,34.088898059999998
7196933,2016,2016-03-02,1942,2016-02-17,1900,39299,0657,3,5,7,1942,0,0,0,F,0,6T7,"WILTON PL","SANTA MONICA BL",0.00,,Y,C,-,N,,,,,,,,,,N,4,0,1,2,A,-,10,21950,A,N,G,B,B,B,H,-,C,A,0,Y,,,,Y,,A,01,0,0,1,0,1,0,0,0,0,"- ","- ",,,"LOS ANGELES","LOS ANGELES",-118.31357002,34.090750040000003
7196946,2016,2016-03-02,1942,2016-02-07,0010,40024,2088,7,5,7,1942,0,0,0,,0,14TL47,"WASHINGTON BL","ARAPAHOE ST",0.00,,Y,A,-,N,,,,,,,,,,N,3,0,1,2,A,-,11,21954,A,N,G,B,D,A,H,-,C,D,0,Y,,,,Y,Y,A,07,0,1,0,0,1,0,0,0,0,"- ","- ",,,"LOS ANGELES","LOS ANGELES",-118.28523002,34.040050039999997
7196955,2016,2016-03-02,1942,2016-02-15,0835,31324,0237,1,5,7,1942,0,0,0,B,0,13TL22,"LUCAS AV","2ND ST",168.00,N,N,A,-,N,,,,,,,,,,N,4,0,1,2,A,-,00,21854,B,F,G,B,E,A,H,-,A,A,0,Y,,,,Y,,-,99,0,0,1,0,1,0,0,0,0,"- ","- ",,,"LOS ANGELES","LOS ANGELES",-118.25979977999999,34.061264059999999
7196956,2016,2016-03-02,1942,2016-02-08,1825,40484,0246,1,5,7,1942,0,0,0,B,0,2A17,ALVARADO,WILSHIRE,0.00,,Y,A,-,N,,,,,,,,,,N,2,0,1,2,A,-,11,21954,A,N,G,B,E,A,H,-,C,A,0,Y,,,,Y,,N,60,1,0,0,0,1,0,0,0,0,"- ","- ",,,"LOS ANGELES","LOS ANGELES",-118.27587004999999,34.057940019999997
7197001,2016,2016-03-02,1942,2016-02-17,2140,42109,2069,3,5,7,1942,0,0,0,,0,20A14,"OLYMPIC BL","MENLO AV",0.00,,Y,C,-,N,,,,,,,,,,N,2,0,1,2,A,-,00,21850,C,N,G,B,D,B,H,-,C,D,0,Y,,,,Y,,A,01,1,0,0,0,1,0,0,0,0,"- ","- ",,,"LOS ANGELES","LOS ANGELES",-118.29072008,34.052410039999998
7197005,2016,2016-03-02,1942,2016-02-12,1525,39763,2074,5,5,7,1942,0,0,0,,0,20XL3,"15TH ST","NORMANDIE AV",0.00,,Y,A,-,N,,,,,,,,,,N,3,0,2,3,A,-,09,21801,A,F,A,B,B,A,H,-,A,-,0,Y,,,,Y,,-,99,0,1,1,0,2,0,0,0,0,"- ","- ",,,"LOS ANGELES","LOS ANGELES",-118.30028005,34.04546002
7197008,2016,2016-03-02,1942,2016-02-10,1200,41376,2005,3,5,7,1942,0,0,0,,0,20T58,"MANHATTAN PL","BEVERLY PL",5.00,S,N,A,-,N,,,,,,,,,,N,3,0,1,2,A,-,10,21950,A,F,G,B,B,A,H,-,A,D,0,Y,,,,Y,,-,99,0,1,0,0,1,0,0,0,0,"- ","- ",,,"LOS ANGELES","LOS ANGELES",-118.31026008000001,34.076226290000001
7197011,2016,2016-03-02,1942,2016-02-05,1625,31573,2011,5,5,7,1942,0,0,0,,0,34MQ09,"WESTERN AV","1ST ST",0.00,,Y,A,-,N,,,,,,,,,,N,4,0,1,2,A,-,10,21950,A,N,G,B,B,A,H,-,A,A,0,Y,,,,Y,,A,01,0,0,1,0,1,0,0,0,0,"- ","- ",,,"LOS ANGELES","LOS ANGELES",-118.30913,34.073030000000003
7197030,2016,2016-03-02,1942,2016-02-11,0750,33683,0898,4,5,7,1942,0,0,0,H,0,8A59W2,"ROBERTSON BL","NATIONAL BL",28.00,N,N,A,-,N,,,,,,,,,,N,4,0,1,2,A,-,11,21954,A,F,G,B,D,A,H,-,A,A,0,Y,,,,Y,,N,60,0,0,1,0,1,0,0,0,0,"- ","- ",,,"LOS ANGELES","LOS ANGELES",-118.39087803,34.03130839
7197031,2016,2016-03-02,1942,2016-02-01,2115,39022,0852,1,5,7,1942,0,0,0,H,0,14T47,"SANTA MONICA BL","ARMACOST AV",5.00,W,N,A,-,N,,,,,,,,,,N,2,0,1,2,A,-,10,21950,A,N,G,B,B,A,H,-,C,D,0,Y,,,,Y,,A,07,1,0,0,0,1,0,0,0,0,"- ","- ",,,"LOS ANGELES","LOS ANGELES",-118.46028443,34.041893389999998
7197033,2016,2016-03-02,1942,2016-02-22,0950,34959,0887,1,5,7,1942,0,0,0,H,0,20TL55,"CADILLAC AV","ROBERTSON BL",0.00,,Y,A,-,N,,,,,,,,,,N,4,0,1,2,A,-,10,21950,A,N,G,B,B,A,H,-,A,A,0,Y,,,,Y,,A,01,0,0,1,0,1,0,0,0,0,"- ","- ",,,"LOS ANGELES","LOS ANGELES",-118.38764012999999,34.041110080000003
7197036,2016,2016-03-02,1942,2016-02-15,1500,37715,0895,1,5,7,1942,0,0,0,H,0,8TL26W,"CASTLE HEIGHTS AV","VICAR ST",26.00,N,N,A,-,N,,,,,,,,,,N,2,0,1,2,A,-,11,21954,A,N,G,B,E,A,H,-,A,D,0,Y,,,,Y,,N,60,1,0,0,0,1,0,0,0,0,"- ","- ",,,"LOS ANGELES","LOS ANGELES",-118.39895260999999,34.033587570000002
7197047,2016,2016-03-02,1942,2016-02-07,1836,42004,0713,7,5,7,1942,0,0,0,G,0,7A22,"FAIRFAX AV","BEVERLY BL",0.00,,Y,A,-,N,,,,,,,,,,N,4,0,1,2,A,-,10,21950,A,N,B,B,B,A,H,-,C,A,0,Y,,,,Y,,A,01,0,0,1,0,1,0,0,0,0,"- ","- ",,,"LOS ANGELES","LOS ANGELES",-118.3614601,34.076100019999998
7197049,2016,2016-03-02,1942,2016-02-10,2130,36589,0742,3,5,7,1942,0,0,0,G,0,20T59,"SAN VICENTE","FAIRFAX AV",5.00,W,N,A,-,N,,,,,,,,,,N,4,0,1,2,A,-,10,21950,A,F,G,B,C,A,H,-,C,D,0,Y,,,,Y,Y,-,99,0,0,1,0,1,0,0,0,0,"- ","- ",,,"LOS ANGELES","LOS ANGELES",-118.36369325,34.058568149999999
7197064,2016,2016-03-02,1942,2016-02-15,0810,39779,1487,1,5,7,1942,0,0,0,N,0,6T11,"SEPULVEDA BL","MANCHESTER AV",126.00,N,N,A,-,N,,,,,,,,,,Y,4,0,1,2,A,-,10,21950,A,N,G,B,B,A,H,-,A,A,0,Y,,,,Y,,A,01,0,0,1,0,1,0,0,0,0,"- ","- ",,,"LOS ANGELES","LOS ANGELES",-118.39622404000001,33.960265560000003
7197065,2016,2016-08-16,1942,2016-02-12,0830,41563,0745,5,5,7,1942,0,0,0,G,0,7A53,"REDONDO BL","LA BREA BL",0.00,,Y,A,-,N,,,,,,,,,,N,4,0,1,2,A,-,10,21950,A,N,G,B,C,A,H,-,A,A,0,Y,,,,Y,,A,01,0,0,1,0,1,0,0,0,0,"- ","- ",,,"LOS ANGELES","LOS ANGELES",-118.34568005,34.056720120000001
7197068,2016,2016-03-02,1942,2016-02-08,2240,41210,0702,1,5,7,1942,0,0,0,G,0,6T7,"MELROSE AV","FULLER AV",0.00,,Y,A,-,N,,,,,,,,,,N,3,0,1,2,A,-,11,21954,A,N,G,B,D,A,H,-,C,D,0,Y,,,,Y,,N,60,0,1,0,0,1,0,0,0,0,"- ","- ",,,"LOS ANGELES","LOS ANGELES",-118.34985007,34.083570119999997
7197208,2016,2016-03-02,1969,2016-02-05,1908,10194,PATRO,5,5,5,1969,0,0,0,,0,003,"TWEEDY BL","SAN MIGUEL AV",20.00,E,N,A,-,N,,,,,,,,,,N,4,0,1,2,A,-,17,21200,A,N,G,B,F,A,H,-,C,D,0,Y,Y,,,Y,,L,04,0,0,1,0,1,0,0,0,0,"- ","- ",,,"LOS ANGELES","SOUTH GATE",-118.20084472000001,33.943673070000003
7197212,2016,2016-03-02,1923,2016-02-17,0745,472,109,3,5,3,1923,0,0,0,,0,3M5,"MARIPOSA AV","EUCALYPTUS DR",155.00,W,N,A,-,N,,,,,,,,,,N,3,0,1,2,A,-,11,21954,A,N,G,B,D,A,H,-,A,D,0,Y,,,,Y,,N,60,0,1,0,0,1,0,0,0,0,"- ","- ",,,"LOS ANGELES","EL SEGUNDO",-118.41408996,33.923595480000003
7197240,2016,2016-03-02,1900,2016-02-12,2255,532598,2114,5,5,5,1943,0,0,0,,0,212T2,"ATLANTIC AV","MARTIN LUTHER KING JR BL",0.00,,Y,A,-,N,,,,,,,,,,N,3,0,1,2,A,-,10,21950,A,N,G,B,B,A,H,-,C,A,0,Y,,,,Y,,A,,0,1,0,0,1,0,0,0,0,"- ","- ",,,"LOS ANGELES",LYNWOOD,-118.18752003,33.92117004
7197275,2016,2016-03-02,1948,2016-02-12,1510,448,1948,5,5,5,1948,0,0,0,,0,002,"NEW AV","EMERSON AV",15.00,S,N,A,-,N,,,,,,,,,,N,4,0,1,2,A,-,10,21950,A,N,G,B,B,A,H,-,A,A,0,Y,,,,Y,,-,,0,0,1,0,1,0,0,0,0,"- ","- ",,,"LOS ANGELES","MONTEREY PARK",-118.10814883,34.066178880000002