CASE_ID,ACCIDENT_YEAR,PROC_DATE,JURIS,COLLISION_DATE,COLLISION_TIME,OFFICER_ID,REPORTING_DISTRICT,DAY_OF_WEEK,CHP_SHIFT,POPULATION,CNTY_CITY_LOC,SPECIAL_COND,BEAT_TYPE,CHP_BEAT_TYPE,CITY_DIVISION_LAPD,CHP_BEAT_CLASS,BEAT_NUMBER,PRIMARY_RD,SECONDARY_RD,DISTANCE,DIRECTION,INTERSECTION,WEATHER_1,WEATHER_2,STATE_HWY_IND,CALTRANS_COUNTY,CALTRANS_DISTRICT,STATE_ROUTE,ROUTE_SUFFIX,POSTMILE_PREFIX,POSTMILE,LOCATION_TYPE,RAMP_INTERSECTION,SIDE_OF_HWY,TOW_AWAY,COLLISION_SEVERITY,NUMBER_KILLED,NUMBER_INJURED,PARTY_COUNT,PRIMARY_COLL_FACTOR,PCF_CODE_OF_VIOL,PCF_VIOL_CATEGORY,PCF_VIOLATION,PCF_VIOL_SUBSECTION,HIT_AND_RUN,TYPE_OF_COLLISION,MVIW,PED_ACTION,ROAD_SURFACE,ROAD_COND_1,ROAD_COND_2,LIGHTING,CONTROL_DEVICE,CHP_ROAD_TYPE,PEDESTRIAN_ACCIDENT,BICYCLE_ACCIDENT,MOTORCYCLE_ACCIDENT,TRUCK_ACCIDENT,NOT_PRIVATE_PROPERTY,ALCOHOL_INVOLVED,STWD_VEHTYPE_AT_FAULT,CHP_VEHTYPE_AT_FAULT,COUNT_SEVERE_INJ,COUNT_VISIBLE_INJ,COUNT_COMPLAINT_PAIN,COUNT_PED_KILLED,COUNT_PED_INJURED,COUNT_BICYCLIST_KILLED,COUNT_BICYCLIST_INJURED,COUNT_MC_KILLED,COUNT_MC_INJURED,PRIMARY_RAMP,SECONDARY_RAMP,LATITUDE,LONGITUDE,COUNTY,CITY,POINT_X,POINT_Y
8037021,2016,2016-05-13,1918,2016-04-04,0955,742,1918,1,5,4,1918,0,0,0,,0,2TL22,"CULVER BL","SEPULVEDA BL",12.00,W,N,A,-,N,,,,,,,,,,Y,3,0,2,3,A,-,00,21456,1,N,G,B,B,A,H,-,A,A,0,Y,,,,Y,,N,60,0,1,1,0,2,0,0,0,0,"- ","- ",34.004660000000001,-118.40982,"LOS ANGELES","CULVER CITY",-118.41022175000001,34.004812520000002
8037080,2016,2016-05-11,1975,2016-04-14,1735,433,,4,5,6,1975,0,0,0,,0,002,"AZUSA AV","FRANCISQUITO AV",0.00,,Y,A,-,N,,,,,,,,,,N,3,0,1,2,A,-,10,21950,A,N,G,B,B,A,H,-,A,A,0,Y,,,,Y,,-,,0,1,0,0,1,0,0,0,0,"- ","- ",,,"LOS ANGELES","WEST COVINA",-117.90809003,34.050200089999997
8037129,2016,2016-05-18,1900,2016-04-20,0905,552461,0469,3,5,4,1936,0,0,0,,0,46T1,"FOSTER RD","DUFFIELD AV",0.00,,Y,A,-,N,,,,,,,,,,N,4,0,1,2,A,-,00,21956,B,N,G,B,C,A,H,-,A,D,0,Y,,,,Y,,N,60,0,0,1,0,1,0,0,0,0,"- ","- ",,,"LOS ANGELES","LA MIRADA",-118.03657013,33.909700059999999
8037516,2016,2016-05-12,1942,2016-04-24,1220,39216,1636,7,5,7,1942,0,0,0,P,0,16A35,"FOOTHILL BL","ESKO AV",150.00,E,N,A,-,N,,,,,,,,,,N,4,0,1,2,A,-,17,21100,3,N,G,B,E,A,H,-,A,D,0,Y,,,,Y,,D,22,0,0,1,0,1,0,0,0,0,"- ","- ",,,"LOS ANGELES","LOS ANGELES",-118.34733661,34.272788079999998
8037521,2016,2016-05-12,1942,2016-04-17,1415,33143,,7,5,7,1942,0,0,0,,0,16A59,"PARR AV","CORA ST",20.00,S,N,A,-,N,,,,,,,,,,N,3,0,1,3,A,-,03,22350,,N,C,B,E,A,H,-,A,D,0,Y,,,,Y,,A,08,0,1,0,0,1,0,0,0,0,"- ","- ",,,"LOS ANGELES","LOS ANGELES",-118.31314390999999,34.253305249999997
8037545,2016,2016-05-11,1942,2016-04-22,0715,38996,1659,5,5,7,1942,0,0,0,P,0,16T25,"OLCOTT ST","TUJUNGA CANYON BL",5.00,N,N,A,-,N,,,,,,,,,,N,3,0,1,2,A,-,10,21950,A,N,B,B,B,A,H,-,A,D,0,Y,,,,Y,,A,08,0,1,0,0,1,0,0,0,0,"- ","- ",,,"LOS ANGELES","LOS ANGELES",-118.27801512000001,34.249625950000002
8037549,2016,2016-05-11,1942,2016-04-21,1830,39136,16,4,5,7,1942,0,0,0,P,0,16A77,"BEN AV","LORNE ST",0.00,,Y,A,-,N,,,,,,,,,,N,3,0,1,2,A,-,10,21950,A,N,G,B,B,A,H,-,A,D,0,Y,,,,Y,,A,07,0,1,0,0,1,0,0,0,0,"- ","- ",,,"LOS ANGELES","LOS ANGELES",-118.39409003999999,34.217540059999997
8037553,2016,2016-05-11,1942,2016-04-22,1505,40747,1684,5,5,7,1942,0,0,0,P,0,16X4,"LANKERSHIM BL","TUXFORD ST",0.00,,Y,A,-,N,,,,,,,,,,N,3,0,1,2,A,-,03,22349,,N,G,B,B,A,-,-,A,A,0,Y,,,,Y,,A,01,0,1,0,0,1,0,0,0,0,"- ","- ",,,"LOS ANGELES","LOS ANGELES",-118.38780011,34.222480070000003
8037580,2016,2016-05-11,1941,2016-04-28,2059,10325,,4,5,7,1941,0,0,0,,0,,"HERMOSA AV","4TH ST",5.00,S,N,A,-,N,,,,,,,,,,N,4,0,1,2,A,-,10,21950,A,F,B,B,D,A,H,-,A,D,0,Y,,,,Y,,A,,0,0,1,0,1,0,0,0,0,"- ","- ",,,"LOS ANGELES","LONG BEACH",-118.16931015,33.771696290000001
8037618,2016,2016-05-11,1942,2016-04-28,1030,30830,1755,4,5,7,1942,0,0,0,Q,0,16T23,"LINDLEY AV","DEVONSHIRE ST",100.00,S,N,A,-,N,,,,,,,,,,N,4,0,1,2,D,-,00,,,F,G,B,E,A,H,-,A,D,0,Y,,,,Y,,-,"- ",0,0,1,0,1,0,0,0,0,"- ","- ",,,"LOS ANGELES","LOS ANGELES",-118.52735610000001,34.256995740000001
8037630,2016,2017-02-01,1942,2016-04-28,0810,40383,0938,4,5,7,1942,0,0,0,I,0,16T23,"VICTORY BL","SUNNYSLOPE AV",5.00,E,N,A,-,N,,,,,,,,,,N,4,0,1,2,A,-,10,21950,A,F,G,B,B,A,H,-,A,D,0,Y,,,,Y,,-,99,0,0,1,0,1,0,0,0,0,"- ","- ",,,"LOS ANGELES","LOS ANGELES",-118.4268735,34.186679699999999
8037724,2016,2016-05-19,1972,2016-02-16,1917,17943,,2,5,6,1972,0,0,0,,0,,EMERALD,AMIE,25.00,W,N,A,-,N,,,,,,,,,,N,4,0,1,2,A,-,11,21954,A,N,G,B,D,A,H,-,C,D,0,Y,,,,Y,,N,,0,0,1,0,1,0,0,0,0,"- ","- ",,,"LOS ANGELES",TORRANCE,-118.34943217,33.841369499999999
8037934,2016,2016-05-12,1972,2016-02-17,1836,19999,,3,5,6,1972,0,0,0,,0,,"ARLINGTON AV","SARTORI AV",0.00,,Y,C,-,N,,,,,,,,,,N,4,0,1,2,A,-,10,21950,A,N,A,B,D,B,H,-,C,D,0,Y,,,,Y,,A,,0,0,1,0,1,0,0,0,0,"- ","- ",,,"LOS ANGELES",TORRANCE,-118.31981005,33.838750019999999
8037973,2016,2016-05-12,1972,2016-02-13,1214,19767,,6,5,6,1972,0,0,0,,0,,"CRENSHAW BL","SEPULVEDA BL",660.00,N,N,A,-,N,,,,,,,,,,N,4,0,1,2,A,-,10,21952,,N,G,B,C,A,H,-,A,D,0,Y,,,,Y,,A,,0,0,1,0,1,0,0,0,0,"- ","- ",,,"LOS ANGELES",TORRANCE,-118.32851556999999,33.82366957
8037974,2016,2016-05-12,1972,2016-02-09,0624,18059,,2,5,6,1972,0,0,0,,0,,PRAIRIE,182ND,10.00,S,N,A,-,N,,,,,,,,,,N,3,0,1,2,A,-,00,21450,A,N,G,B,B,A,H,-,A,A,0,Y,,,,Y,,A,,0,1,0,0,1,0,0,0,0,"- ","- ",,,"LOS ANGELES",TORRANCE,-118.34380050999999,33.865552579999999
8037990,2016,2016-05-12,1972,2016-02-04,1123,19767,,4,5,6,1972,0,0,0,,0,,"CARSON ST","HAWTHORNE BL",10.00,W,N,A,-,N,,,,,,,,,,N,4,0,1,2,A,-,11,21950,B,N,G,B,B,A,H,-,A,A,0,Y,,,,Y,,-,,0,0,1,0,1,0,0,0,0,"- ","- ",,,"LOS ANGELES",TORRANCE,-118.35275273000001,33.831457550000003
8038219,2016,2016-05-18,1942,2016-05-08,1415,36399,1218,7,5,7,1942,0,0,0,L,0,18T23,"SLAUSON AV","VERMONT AV",110.00,E,N,A,-,N,,,,,,,,,,N,4,0,1,2,A,-,11,21954,A,F,G,B,E,A,H,-,A,D,0,Y,,,,Y,,N,60,0,0,1,0,1,0,0,0,0,"- ","- ",,,"LOS ANGELES","LOS ANGELES",-118.29110786,33.989134159999999
8038249,2016,2016-05-31,1942,2016-04-18,0320,32973,0159,1,5,7,1942,0,0,0,A,0,11T32,"MILL ST","INDUSTRIAL ST",310.00,N,N,A,-,N,,,,,,,,,,N,2,0,1,3,B,-,22,,,N,G,B,F,A,H,-,C,D,0,Y,,,Y,Y,,G,25,1,0,0,0,1,0,0,0,0,"- ","- ",,,"LOS ANGELES","LOS ANGELES",-118.23440967000001,34.036689109999998
8038388,2016,2016-05-19,1900,2016-01-15,2200,409036,0250,5,5,4,1945,0,0,0,,0,28T,"SLAUSON AV","GIFFORD AV",3.00,W,N,A,-,N,,,,,,,,,,N,4,0,1,2,A,-,08,22100,B,N,G,B,B,A,H,-,C,A,0,Y,,,,Y,,-,,0,0,1,0,1,0,0,0,0,"- ","- ",,,"LOS ANGELES",MAYWOOD,-118.19226980000001,33.98782104
8038545,2016,2016-05-11,1975,2016-03-16,2040,353,,3,5,6,1975,0,0,0,,0,003,"WEST COVINA PKWY","TOLUCA AV",0.00,,Y,A,-,N,,,,,,,,,,N,3,0,1,2,A,-,11,21456,B,N,G,B,B,A,H,-,C,A,0,Y,,,,Y,Y,N,60,0,1,0,0,1,0,0,0,0,"- ","- ",,,"LOS ANGELES","WEST COVINA",-117.94053006999999,34.070570009999997
8038826,2016,2016-05-16,1953,2016-05-03,1159,3775,,2,5,6,1953,0,0,0,,0,,"ALLEN AV","CORSON ST",0.00,,Y,A,-,N,,,,,,,,,,N,4,0,1,2,A,-,10,21950,A,N,D,B,B,A,H,-,A,A,0,Y,,,,Y,,A,07,0,0,1,0,1,0,0,0,0,"- ","- ",,,"LOS ANGELES",PASADENA,-118.11317009,34.151860069999998
8038955,2016,2016-05-13,1942,2016-03-21,0545,36783,0625,1,5,7,1942,0,0,0,F,0,7A85,"HIGHLAND AV","FRANKLIN AV",390.00,N,N,A,-,N,,,,,,,,,,N,3,0,1,2,A,-,11,21955,,N,G,B,D,A,H,-,C,A,0,Y,,,,Y,,N,60,0,1,0,0,1,0,0,0,0,"- ","- ",,,"LOS ANGELES","LOS ANGELES",-118.33752987,34.1049285
8039012,2016,2016-05-24,1942,2016-04-08,0820,42201,564,5,5,7,1942,0,0,0,,0,5A25,"WEST 1ST ST","NORTH MESA ST",0.00,,Y,C,-,N,,,,,,,,,,N,3,0,2,4,A,-,12,22450,A,N,D,B,E,B,H,-,A,D,0,Y,,,,Y,,-,"- ",0,2,0,0,2,0,0,0,0,"- ","- ",,,"LOS ANGELES","LOS ANGELES",-118.28573003,33.743310110000003
8039024,2016,2016-05-20,1942,2016-04-22,0230,40740,9999,5,5,7,1942,0,0,0,,0,12A67,"WESTERN AV","108TH ST",0.00,,Y,A,-,N,,,,,,,,,,Y,2,0,2,3,A,-,08,22102,,N,D,B,F,A,H,-,C,A,0,Y,,,,Y,,A,01,1,1,0,0,1,0,0,0,0,"- ","- ",,,"LOS ANGELES","LOS ANGELES",-118.30903000000001,33.938209999999998
8039072,2016,2016-05-18,1920,2016-03-21,0615,10216,,1,5,6,1920,0,0,0,,0,006,"ALAMEDA ST","PATTON RD",0.00,,Y,B,-,N,,,,,,,,,,N,4,0,1,2,A,-,10,21950,A,N,G,B,B,A,H,-,C,A,0,Y,,,,Y,,A,01,0,0,1,0,1,0,0,0,0,"- ","- ",,,"LOS ANGELES",DOWNEY,-118.13655002,33.925430009999999
8039087,2016,2016-05-18,1942,2016-03-09,2020,41729,1827,3,5,7,1942,0,0,0,R,0,12T41,"CENTURY BL","WILMINGTON AV",0.00,,Y,A,-,N,,,,,,,,,,N,4,0,1,2,A,-,08,22100,B,F,G,B,B,A,H,-,C,D,0,Y,,,,Y,,-,99,0,0,1,0,1,0,0,0,0,"- ","- ",,,"LOS ANGELES","LOS ANGELES",-118.23902001,33.945650110000003
8039095,2016,2016-05-18,1942,2016-03-26,1620,42236,1211,6,5,7,1942,0,0,0,L,0,12A31,"CRENSHAW BL","54TH ST",0.00,,Y,A,-,N,,,,,,,,,,N,4,0,1,2,A,-,11,21456,B,N,B,B,B,A,H,-,A,A,0,Y,,,,Y,,A,01,0,0,1,0,1,0,0,0,0,"- ","- ",,,"LOS ANGELES","LOS ANGELES",-118.330917,33.993116999999998
8039099,2016,2016-05-18,1942,2016-03-31,1835,41297,1219,4,5,7,1942,0,0,0,L,0,3A28,"FIGUEROA ST","54TH ST",15.00,W,N,A,-,N,,,,,,,,,,N,3,0,1,2,A,-,03,22350,,N,G,B,B,A,H,-,A,A,0,Y,,,,Y,,A,01,0,1,0,0,1,0,0,0,0,"- ","- ",,,"LOS ANGELES","LOS ANGELES",-118.28268,33.993290000000002
8039107,2016,2016-05-18,1942,2016-03-18,1420,41300,1231,5,5,7,1942,0,0,0,L,0,3A63,"KENISTON AV","64TH ST",50.00,N,N,A,-,N,,,,,,,,,,N,4,0,1,2,A,-,21,22106,,N,-,B,-,A,H,-,A,A,0,Y,,,,Y,,A,01,0,0,1,0,1,0,0,0,0,"- ","- ",,,"LOS ANGELES","LOS ANGELES",-118.34176038,33.981837130000002
8039146,2016,2016-05-19,1942,2016-04-10,1616,36688,0564,7,5,7,1942,0,0,0,E,0,5FB96,"PACIFIC AV","5TH ST",0.00,,Y,A,-,N,,,,,,,,,,N,4,0,1,2,A,-,10,21950,A,N,G,B,B,A,H,-,A,-,0,Y,,,,Y,,A,01,0,0,1,0,1,0,0,0,0,"- ","- ",,,"LOS ANGELES","LOS ANGELES",-118.28791004999999,33.739690060000001
8039304,2016,2016-05-24,1953,2016-04-27,0948,7724,LACTY,3,5,6,1953,0,0,0,,0,001,"EL MOLINO AV","GLENARM ST",100.00,S,N,A,-,N,,,,,,,,,,N,3,0,1,2,A,-,21,22106,,N,G,B,E,A,H,-,A,A,0,Y,,,,Y,,A,07,0,1,0,0,1,0,0,0,0,"- ","- ",,,"LOS ANGELES",PASADENA,-118.13721199,34.127280679999998
8039384,2016,2017-02-18,1942,2016-05-09,0150,41198,9999,1,5,7,1942,0,0,0,,0,17T17,"ROSCOE BL","RT 405",0.00,,Y,A,-,Y,LA,7,405,-,-,43.611,R,4,S,N,4,0,1,2,A,-,11,21954,A,N,A,B,D,A,H,-,C,A,0,Y,,,,Y,,N,60,0,0,1,0,1,0,0,0,0,"- ",SO,,,"LOS ANGELES","LOS ANGELES",-118.47334179000001,34.219023980000003
8039399,2016,2016-05-25,1931,2016-05-12,0940,5248,1931,4,5,5,1931,0,0,0,,0,ONE,"SLAUSON AV","PACIFIC BL",0.00,,Y,A,-,N,,,,,,,,,,N,3,0,1,2,A,-,12,21453,A,F,G,B,B,A,H,-,A,A,0,Y,,,,Y,,A,01,0,1,0,0,1,0,0,0,0,"- ","- ",,,"LOS ANGELES","HUNTINGTON PARK",-118.22521011000001,33.989200099999998
8039404,2016,2016-05-24,1942,2016-05-10,1035,40383,1063,2,5,7,1942,0,0,0,J,0,16T25,"ETIWANDA AV","VENTURA BL",20.00,N,N,A,-,N,,,,,,,,,,N,4,0,1,2,A,-,10,21950,A,N,G,B,B,A,H,-,A,A,0,Y,,,,Y,,A,01,0,0,1,0,1,0,0,0,0,"- ","- ",,,"LOS ANGELES","LOS ANGELES",-118.53081,34.166714859999999
8039448,2016,2017-03-16,1942,2016-05-12,1815,37304,1708,4,5,7,1942,0,0,0,Q,0,9TL53,"BARNESTON ST","GOTHIC AV",4.00,W,N,A,-,N,,,,,,,,,,N,1,1,0,2,A,-,10,21950,A,N,G,B,B,A,H,-,A,A,0,Y,,,,Y,,A,07,0,0,0,1,0,0,0,0,0,"- ","- ",,,"LOS ANGELES","LOS ANGELES",-118.48958319,34.284969269999998
8039499,2016,2016-05-25,1942,2016-05-09,1400,37080,1043,1,5,7,1942,0,0,0,J,0,19TL76,"RESEDA BL","OXNARD ST",0.00,,Y,B,-,N,,,,,,,,,,N,3,0,1,2,A,-,11,21955,,N,G,B,D,A,H,-,A,D,0,Y,,,,Y,,N,60,0,1,0,0,1,0,0,0,0,"- ","- ",,,"LOS ANGELES","LOS ANGELES",-118.53601011000001,34.179980020000002
8039507,2016,2016-05-25,1942,2016-05-04,2200,41158,1089,3,5,7,1942,0,0,0,J,0,10A99,"VENTURA BL","WOODLEY AV",0.00,,Y,A,-,N,,,,,,,,,,N,3,0,1,2,A,-,11,21456,B,N,A,B,B,A,H,-,C,A,0,Y,,,,Y,,A,01,0,1,0,0,1,0,0,0,0,"- ","- ",,,"LOS ANGELES","LOS ANGELES",-118.48366011,34.156360040000003
8039575,2016,2016-05-13,1969,2016-04-02,1658,10202,PATRO,6,5,5,1969,0,0,0,,0,002,"VIRGINIA AV","MISSOURI AV",16.00,S,N,A,-,N,,,,,,,,,,N,4,0,1,2,A,-,03,22350,,F,G,B,E,A,H,-,A,D,0,Y,,,,Y,,A,07,0,0,1,0,1,0,0,0,0,"- ","- ",,,"LOS ANGELES","SOUTH GATE",-118.20836645,33.946656449999999
8039646,2016,2016-05-17,1900,2016-03-24,1132,527455,532,4,5,5,1959,0,0,0,,0,53T1AM,"SAN GABRIEL BL","GARVEY AV",120.00,S,N,A,-,N,,,,,,,,,,N,3,0,1,2,A,-,11,21954,A,N,G,B,D,A,H,-,A,D,0,Y,,,,Y,,D,22,0,1,0,0,1,0,0,0,0,"- ","- ",,,"LOS ANGELES",ROSEMEAD,-118.09052370000001,34.06231116
8040166,2016,2016-05-13,1900,2016-05-02,2031,533018,2811,1,5,5,1915,0,0,0,,0,283T1,"COMPTON BL","TAJAUTA AV",4.00,W,N,A,-,N,,,,,,,,,,N,3,0,1,2,A,-,10,21950,A,N,A,B,B,A,H,-,C,A,0,Y,,,,Y,,A,01,0,1,0,0,1,0,0,0,0,"- ","- ",,,"LOS ANGELES",COMPTON,-118.24635315,33.895859899999998
8040346,2016,2016-05-16,1941,2016-04-26,1940,6242,,2,5,7,1941,0,0,0,,0,,"WILLOW ST","SAN VICENTE",0.00,,Y,A,-,N,,,,,,,,,,Y,4,0,1,2,A,-,10,21950,A,N,B,B,B,A,H,-,C,A,0,Y,,,,Y,,A,,0,0,1,0,1,0,0,0,0,"- ","- ",,,"LOS ANGELES","LONG BEACH",-118.11689011999999,33.803310029999999
8040353,2016,2016-05-16,1942,2016-03-16,1240,41949,246,3,5,7,1942,0,0,0,,0,2A47,"ALVARADO ST","6TH ST",0.00,,Y,A,-,N,,,,,,,,,,N,4,0,1,2,A,-,11,21954,A,N,G,B,D,A,H,-,A,D,0,Y,,,,Y,,-,"- ",0,0,1,0,1,0,0,0,0,"- ","- ",,,"LOS ANGELES","LOS ANGELES",-118.27487000000001,34.059539999999998
8040543,2016,2016-05-19,1942,2016-03-18,0915,37947,0507,5,5,7,1942,0,0,0,E,0,5XL3,"226TH ST","DENKER AV",60.00,W,N,A,-,N,,,,,,,,,,N,4,0,1,3,A,-,21,22106,,N,G,C,E,A,H,-,A,D,0,Y,,,,Y,,D,22,0,0,1,0,0,0,0,0,0,"- ","- ",,,"LOS ANGELES","LOS ANGELES",-118.30393741,33.82133889
8040587,2016,2016-05-19,1942,2016-04-25,1455,35688,0333,1,5,7,1942,0,0,0,C,0,3TL57,"ADAMS BL","BUCKINGHAM RD",25.00,E,N,A,-,N,,,,,,,,,,Y,2,0,1,2,A,-,11,21456,B,N,G,B,B,A,H,-,A,A,0,Y,,,,Y,,N,60,1,0,0,0,1,0,0,0,0,"- ","- ",,,"LOS ANGELES","LOS ANGELES",-118.34045764,34.03257
8040607,2016,2016-05-19,1942,2016-04-16,2210,41729,0399,6,5,7,1942,0,0,0,C,0,12T41,"FLOWER ST","41ST PL",30.00,N,N,A,-,N,,,,,,,,,,N,2,0,1,2,A,-,11,21955,,F,G,B,D,A,H,-,C,D,0,Y,,,,Y,,N,60,1,0,0,0,1,0,0,0,0,"- ","- ",,,"LOS ANGELES","LOS ANGELES",-118.28149415999999,34.008391430000003
8040623,2016,2016-05-19,1942,2016-04-06,1130,37622,566,3,5,7,1942,0,0,0,,0,5E6,"PACIFIC AV","11TH ST",90.00,N,N,A,-,N,,,,,,,,,,N,4,0,1,2,A,-,11,21954,A,N,G,B,E,A,H,-,A,D,0,Y,,,,Y,,N,60,0,0,1,0,1,0,0,0,0,"- ","- ",,,"LOS ANGELES","LOS ANGELES",-118.28793,33.734466660000002
8040881,2016,2016-05-20,1942,2016-05-01,0120,41089,0637,7,5,7,1942,0,0,0,F,0,20T59,"HOLLYWOOD BL","BRONSON AV",7.00,W,N,A,-,N,,,,,,,,,,N,2,0,1,2,A,-,11,21456,B,N,G,B,B,A,H,-,C,A,0,Y,,,,Y,,N,60,1,0,0,0,1,0,0,0,0,"- ","- ",,,"LOS ANGELES","LOS ANGELES",-118.31801308,34.101669999999999
8040889,2016,2016-05-20,1942,2016-05-06,2010,37511,0639,5,5,7,1942,0,0,0,F,0,7T23,"FRANKLIN AV","WINONA BL",14.00,W,N,B,-,N,,,,,,,,,,Y,3,0,1,2,A,-,10,21950,A,N,G,B,B,A,H,-,C,D,0,Y,,,,Y,,A,01,0,1,0,0,1,0,0,0,0,"- ","- ",,,"LOS ANGELES","LOS ANGELES",-118.30207616,34.105390380000003
8040901,2016,2017-02-11,1942,2016-05-01,1715,37613,2091,7,5,7,1942,0,0,0,,0,20T56,"RT 10","CRENSHAW BL",0.00,E,N,A,-,Y,LA,7,10,-,R,11.561,R,1,W,N,3,0,1,2,A,-,03,22350,,F,G,B,E,A,H,-,A,A,0,Y,,,,Y,Y,-,99,0,1,0,0,1,0,0,0,0,WF,"- ",,,"LOS ANGELES","LOS ANGELES",-118.33077873000001,34.03531109
8040953,2016,2016-05-20,1942,2016-05-06,0840,25481,0742,5,5,7,1942,0,0,0,G,0,6TL7,WILSHIRE,"SAN VICENTE",12.00,W,N,B,-,N,,,,,,,,,,Y,4,0,2,3,A,-,03,22350,,N,C,B,F,A,H,-,A,D,0,Y,,,,Y,,A,01,0,0,2,0,1,0,0,0,0,"- ","- ",,,"LOS ANGELES","LOS ANGELES",-118.45921023,34.050758780000002
8040964,2016,2016-05-20,1942,2016-05-02,2330,39299,0774,1,5,7,1942,0,0,0,G,0,14T47,"LA BREA AV","SAINT ELMO DR",0.00,,Y,A,-,N,,,,,,,,,,N,2,0,1,2,A,-,10,21950,A,F,G,B,B,A,H,-,E,D,0,Y,,,,Y,,-,99,1,0,0,0,1,0,0,0,0,"- ","- ",,,"LOS ANGELES","LOS ANGELES",-118.34603009,34.044200050000001
8041019,2016,2016-05-24,1942,2016-05-01,1245,37715,0734,7,5,7,1942,0,0,0,G,0,8T26W4,"4TH ST","FAIRFAX AV",25.00,E,N,A,-,N,,,,,,,,,,N,4,0,1,2,A,-,21,22106,,N,G,B,F,A,H,-,A,D,0,Y,,,,Y,,A,01,0,0,1,0,1,0,0,0,0,"- ","- ",,,"LOS ANGELES","LOS ANGELES",-118.36141000000001,34.069890000000001
8041050,2016,2017-02-28,1942,2016-04-28,1655,31387,666,4,5,7,1942,0,0,0,,0,8TL28,"SANTA MONICA BL","CAHUENGA BL",0.00,,Y,A,-,Y,LA,7,2,-,-,11.451,I,6,E,N,4,0,1,2,A,-,10,21950,A,N,G,B,B,A,H,-,A,A,0,Y,,,,Y,,A,01,0,0,1,0,1,0,0,0,0,"- ","- ",,,"LOS ANGELES","LOS ANGELES",-118.32896802,34.09073806
8041079,2016,2016-05-24,1942,2016-04-26,0850,40833,638,2,5,7,1942,0,0,0,,0,6A49,"HOLLYWOOD BL","GARFIELD PL",10.00,W,N,A,-,N,,,,,,,,,,N,4,0,1,2,A,-,10,21950,A,N,G,B,B,A,H,-,A,D,0,Y,,,,Y,,-,"- ",0,0,1,0,1,0,0,0,0,"- ","- ",,,"LOS ANGELES","LOS ANGELES",-118.31076297,34.101730000000003
8041210,2016,2016-05-25,1942,2016-05-04,1700,38052,1372,3,5,7,1942,0,0,0,M,0,,"MAIN ST","57TH ST",0.00,,Y,A,-,N,,,,,,,,,,N,2,0,1,2,A,-,11,21456,B,N,G,B,B,A,H,-,A,A,0,Y,,,,Y,,N,60,1,0,0,0,1,0,0,0,0,"- ","- ",,,"LOS ANGELES","LOS ANGELES",-118.27394002,33.990680050000002
8041262,2016,2016-05-25,1953,2016-05-07,1851,1274,1953,6,5,6,1953,0,0,0,,0,002,"CORSON ST","MARENGO AV",0.00,,Y,B,-,N,,,,,,,,,,N,4,0,1,2,A,-,08,22107,,N,G,B,B,A,H,-,A,A,0,Y,,,Y,Y,,F,55,0,0,1,0,1,0,0,0,0,"- ","- ",,,"LOS ANGELES",PASADENA,-118.14599004,34.151260069999999
8041265,2016,2016-05-25,1942,2016-04-29,0900,38050,0202,5,5,7,1942,0,0,0,B,0,1TL11,"BURNS AV","VIRGIL AV",245.00,E,N,A,-,N,,,,,,,,,,Y,2,0,2,2,A,-,09,21804,A,M,G,B,F,A,H,-,A,D,0,Y,,,,Y,Y,A,01,1,1,0,0,1,0,0,0,0,"- ","- ",,,"LOS ANGELES","LOS ANGELES",-118.28608241000001,34.08766
8041324,2016,2016-08-29,1900,2016-05-07,1050,527456,1015,6,5,3,1995,0,0,0,,0,101T1,"CROSS CREEK RD","RT 1",300.00,N,N,A,-,N,,,,,,,,,,N,4,0,1,2,A,-,11,21954,A,N,G,B,D,A,H,-,A,D,0,Y,,,,Y,,N,60,0,0,1,0,1,0,0,0,0,"- ","- ",,,"LOS ANGELES",MALIBU,-118.685354,34.035212000000001
8041372,2016,2016-05-26,1942,2016-05-04,0730,41704,0318,3,5,7,1942,0,0,0,C,0,3T5,"24TH ST","VERMONT AV",5.00,S,N,B,-,N,,,,,,,,,,N,3,0,1,2,A,-,10,21950,A,N,G,B,B,A,H,-,A,A,0,Y,,,,Y,,A,07,0,1,0,0,1,0,0,0,0,"- ","- ",,,"LOS ANGELES","LOS ANGELES",-118.29155,34.034529999999997
8041382,2016,2016-05-25,1942,2016-05-13,2005,39299,0765,5,5,7,1942,0,0,0,G,0,7T23,"PICO BL","WEST BL",31.00,W,N,B,-,N,,,,,,,,,,Y,2,0,1,2,A,-,01,23152,A,F,G,B,B,A,H,-,C,A,0,Y,,,,Y,Y,A,07,1,0,0,0,1,0,0,0,0,"- ","- ",,,"LOS ANGELES","LOS ANGELES",-118.33386105,34.048512369999997
8041383,2016,2016-05-26,1942,2016-05-02,1545,41376,0666,1,5,7,1942,0,0,0,F,0,6TL4,"SUNSET BL","VINE ST",156.00,E,N,A,-,N,,,,,,,,,,N,3,0,1,2,A,-,11,21954,A,N,G,B,D,A,H,-,A,D,0,Y,,,,Y,,N,60,0,1,0,0,1,0,0,0,0,"- ","- ",,,"LOS ANGELES","LOS ANGELES",-118.32611575999999,34.098003650000003
8041384,2016,2016-05-26,1942,2016-05-03,1140,37807,399,2,5,7,1942,0,0,0,,0,5TL25,"FIGUEROA ST","43RD ST",20.00,S,N,A,-,N,,,,,,,,,,N,3,0,1,2,A,-,10,21950,A,N,G,B,B,A,H,-,A,A,0,Y,,,,Y,,A,08,0,1,0,0,1,0,0,0,0,"- ","- ",,,"LOS ANGELES","LOS ANGELES",-118.28274,34.005525149999997