CASE_ID,ACCIDENT_YEAR,PROC_DATE,JURIS,COLLISION_DATE,COLLISION_TIME,OFFICER_ID,REPORTING_DISTRICT,DAY_OF_WEEK,CHP_SHIFT,POPULATION,CNTY_CITY_LOC,SPECIAL_COND,BEAT_TYPE,CHP_BEAT_TYPE,CITY_DIVISION_LAPD,CHP_BEAT_CLASS,BEAT_NUMBER,PRIMARY_RD,SECONDARY_RD,DISTANCE,DIRECTION,INTERSECTION,WEATHER_1,WEATHER_2,STATE_HWY_IND,CALTRANS_COUNTY,CALTRANS_DISTRICT,STATE_ROUTE,ROUTE_SUFFIX,POSTMILE_PREFIX,POSTMILE,LOCATION_TYPE,RAMP_INTERSECTION,SIDE_OF_HWY,TOW_AWAY,COLLISION_SEVERITY,NUMBER_KILLED,NUMBER_INJURED,PARTY_COUNT,PRIMARY_COLL_FACTOR,PCF_CODE_OF_VIOL,PCF_VIOL_CATEGORY,PCF_VIOLATION,PCF_VIOL_SUBSECTION,HIT_AND_RUN,TYPE_OF_COLLISION,MVIW,PED_ACTION,ROAD_SURFACE,ROAD_COND_1,ROAD_COND_2,LIGHTING,CONTROL_DEVICE,CHP_ROAD_TYPE,PEDESTRIAN_ACCIDENT,BICYCLE_ACCIDENT,MOTORCYCLE_ACCIDENT,TRUCK_ACCIDENT,NOT_PRIVATE_PROPERTY,ALCOHOL_INVOLVED,STWD_VEHTYPE_AT_FAULT,CHP_VEHTYPE_AT_FAULT,COUNT_SEVERE_INJ,COUNT_VISIBLE_INJ,COUNT_COMPLAINT_PAIN,COUNT_PED_KILLED,COUNT_PED_INJURED,COUNT_BICYCLIST_KILLED,COUNT_BICYCLIST_INJURED,COUNT_MC_KILLED,COUNT_MC_INJURED,PRIMARY_RAMP,SECONDARY_RAMP,LATITUDE,LONGITUDE,COUNTY,CITY,POINT_X,POINT_Y
8044597,2016,2016-05-26,1942,2016-05-04,0800,31152,0437,3,5,7,1942,0,0,0,D,0,11T25,"EASTERN AV","ZELLA PL",98.00,S,N,B,-,N,,,,,,,,,,N,3,0,1,2,A,-,11,21954,A,N,G,B,D,A,H,-,A,A,0,Y,,,,Y,,N,60,0,1,0,0,1,0,0,0,0,"- ","- ",,,"LOS ANGELES","LOS ANGELES",-118.18033745,34.06738146
8044617,2016,2016-05-26,1942,2016-05-06,1300,35769,0111,5,5,7,1942,0,0,0,A,0,1A1,"YALE ST","COLLEGE ST",300.00,N,N,B,-,N,,,,,,,,,,N,3,0,1,2,A,-,11,21954,A,F,G,B,E,A,H,-,A,D,0,Y,,,,Y,,N,60,0,1,0,0,1,0,0,0,0,"- ","- ",,,"LOS ANGELES","LOS ANGELES",-118.23958602,34.065618120000003
8044629,2016,2017-04-01,1942,2016-05-13,2005,30083,1102,5,5,7,1942,0,0,0,K,0,11T21,"BRUNSWICK AV","CHEVY CHASE DR",20.00,N,N,A,-,N,,,,,,,,,,Y,4,0,1,3,A,-,08,22107,,F,B,B,E,A,H,-,C,D,0,Y,,,,Y,,A,01,0,0,1,0,1,0,0,0,0,"- ","- ",,,"LOS ANGELES","LOS ANGELES",-118.26903,34.13345485
8044637,2016,2016-05-25,1942,2016-05-08,0250,34332,0153,7,5,7,1942,0,0,0,A,0,4T43,"W 7TH ST",BROADWAY,151.00,E,N,A,-,N,,,,,,,,,,Y,2,0,2,2,A,-,03,22350,,N,D,B,F,A,H,-,C,A,0,Y,,,,Y,Y,A,01,2,0,0,0,1,0,0,0,0,"- ","- ",,,"LOS ANGELES","LOS ANGELES",-118.25292562,34.0449476
8044660,2016,2016-05-26,1946,2016-03-25,2115,P39,,5,5,4,1946,0,0,0,,0,002,EVERGREEN,MAYFLOWER,12.00,E,N,A,-,N,,,,,,,,,,N,2,0,1,2,A,-,10,21950,A,N,G,B,B,A,H,-,C,D,0,Y,,,,Y,,A,07,1,0,0,0,1,0,0,0,0,"- ","- ",,,"LOS ANGELES",MONROVIA,-118.00947381,34.1358867
8044664,2016,2016-05-26,1925,2016-03-28,1644,21601,,1,5,6,1925,0,0,0,,0,002,BROADWAY,"ORANGE ST",0.00,,Y,A,-,N,,,,,,,,,,N,3,0,1,2,A,-,10,21950,A,N,G,B,B,A,H,-,A,A,0,Y,,,,Y,,A,07,0,1,0,0,1,0,0,0,0,"- ","- ",,,"LOS ANGELES",GLENDALE,-118.25637012999999,34.146430070000001
8044668,2016,2016-05-26,1942,2016-03-21,1930,41931,0427,1,5,7,1942,0,0,0,D,0,4A97,"LOMBARDY ST","EASTERN AV",0.00,,Y,A,-,N,,,,,,,,,,N,3,0,1,2,A,-,10,21950,A,N,A,B,B,A,H,-,C,A,0,Y,,,,Y,,A,01,0,1,0,0,1,0,0,0,0,"- ","- ",,,"LOS ANGELES","LOS ANGELES",-118.17830008,34.077820000000003
8044684,2016,2016-05-26,1942,2016-03-18,2313,42058,1842,5,5,7,1942,0,0,0,R,0,18D41,"IMPERIAL HWY","FIGUEROA ST",40.00,E,N,A,-,N,,,,,,,,,,N,4,0,1,2,A,-,11,21954,A,N,G,B,D,A,H,-,C,A,0,Y,,,,Y,,N,60,0,0,1,0,1,0,0,0,0,"- ","- ",,,"LOS ANGELES","LOS ANGELES",-118.28246839000001,33.930999999999997
8044696,2016,2017-02-11,1972,2016-03-05,1845,20050,,6,5,6,1972,0,0,0,,0,,"PACIFIC COAST HWY","MADISON ST",150.00,E,N,A,-,Y,LA,7,1,-,-,15.760,H,-,S,Y,2,0,1,2,A,-,11,21954,A,N,G,B,D,A,H,-,C,D,0,Y,,,,Y,Y,N,,1,0,0,0,1,0,0,0,0,"- ","- ",,,"LOS ANGELES",TORRANCE,-118.34745142,33.803242060000002
8044720,2016,2016-05-26,1972,2016-03-30,1448,18059,,3,5,6,1972,0,0,0,,0,,ARTESIA,HAWTHORNE,75.00,E,N,A,-,N,,,,,,,,,,N,4,0,1,2,-,-,"- ",,,N,G,B,F,A,H,-,A,D,0,Y,,,,Y,,-,"- ",0,0,1,0,1,0,0,0,0,"- ","- ",,,"LOS ANGELES",TORRANCE,-118.35245338999999,33.872900000000001
8044735,2016,2016-05-31,1900,2016-02-29,1620,461292,0246,1,5,4,1945,0,0,0,,0,27TP,"54TH ST","PINE AV",0.00,,Y,A,-,N,,,,,,,,,,N,4,0,1,2,A,-,03,22350,,N,G,B,B,A,H,-,A,A,0,Y,,,,Y,,A,01,0,0,1,0,1,0,0,0,0,"- ","- ",,,"LOS ANGELES",MAYWOOD,-118.18709,33.992160079999998
8044746,2016,2017-02-11,1972,2016-03-13,2129,18684,,7,5,6,1972,0,0,0,,0,,"HAWTHORNE BL","TALISMAN ST",15.00,S,N,A,-,Y,LA,7,107,-,-,3.450,H,-,N,N,4,0,1,2,A,-,11,21956,,N,G,B,E,A,H,-,C,A,0,Y,,,,Y,Y,N,,0,0,1,0,1,0,0,0,0,"- ","- ",,,"LOS ANGELES",TORRANCE,-118.35362288,33.855019030000001
8044762,2016,2017-02-11,1972,2016-03-09,2018,15555,,3,5,6,1972,0,0,0,,0,,"PACIFIC COAST HWY",NEWTON/DENNY,923.00,W,N,A,-,Y,LA,7,1,-,-,15.160,H,-,S,N,4,0,1,3,A,-,11,21954,A,N,G,B,D,A,H,-,C,D,0,Y,,,,Y,,N,,0,0,1,0,1,0,0,0,0,"- ","- ",,,"LOS ANGELES",TORRANCE,-118.33989923,33.797112660000003
8044974,2016,2016-05-31,1942,2016-05-17,0623,31476,1353,2,5,7,1942,0,0,0,M,0,2TL15,"AVALON BL","VERNON AV",0.00,,Y,A,-,N,,,,,,,,,,N,3,0,1,2,A,-,11,21954,A,M,G,B,E,A,H,-,A,A,0,Y,,,,Y,Y,N,60,0,1,0,0,1,0,0,0,0,"- ","- ",,,"LOS ANGELES","LOS ANGELES",-118.26527004,34.003870089999999
8045092,2016,2016-05-20,1942,2016-04-05,1230,38318,LA,2,5,7,1942,0,0,0,,0,12FB33,"FLORENCE AV","DENVER AV",50.00,W,N,A,-,N,,,,,,,,,,N,3,0,1,2,A,-,03,22350,,N,G,C,E,C,H,-,A,D,0,Y,,,,Y,,A,01,0,1,0,0,1,0,0,0,0,"- ","- ",,,"LOS ANGELES","LOS ANGELES",-118.28397459,33.97466
8045096,2016,2016-05-20,1942,2016-04-04,2145,42050,1243,1,5,7,1942,0,0,0,L,0,12A66,"WESTERN AV","65TH PL",30.00,S,N,A,-,N,,,,,,,,,,N,4,0,1,2,A,-,10,21950,,F,G,B,D,A,H,-,C,D,0,Y,,,,Y,Y,-,99,0,0,1,0,1,0,0,0,0,"- ","- ",,,"LOS ANGELES","LOS ANGELES",-118.30897,33.979717719999996
8045118,2016,2016-05-19,1942,2016-05-04,0135,40971,1265,3,5,7,1942,0,0,0,L,0,12TL41,"MANCHESTER AV","VERMONT AV",50.00,W,N,A,-,N,,,,,,,,,,N,2,0,1,2,A,-,11,21956,A,N,G,B,D,A,H,-,C,A,0,Y,,,,Y,,N,60,1,0,0,0,1,0,0,0,0,"- ","- ",,,"LOS ANGELES","LOS ANGELES",-118.29193457,33.96002
8045401,2016,2016-05-23,1900,2016-04-22,0333,524795,2117,5,5,5,1943,0,0,0,,0,,"LONG BEACH BL","AGNES AV",200.00,N,N,A,-,N,,,,,,,,,,N,2,0,1,2,A,-,11,21954,A,N,G,B,D,A,H,-,C,A,0,Y,,,,Y,,N,60,1,0,0,0,1,0,0,0,0,"- ","- ",,,"LOS ANGELES",LYNWOOD,-118.20960131,33.919667390000001
8045449,2016,2016-05-23,1900,2016-05-08,1732,534715,2113,7,5,5,1943,0,0,0,,0,212T3,"LE SAGE ST","ERNESTINE AV",54.00,W,N,A,-,N,,,,,,,,,,N,3,0,1,2,A,-,10,21950,A,N,B,B,D,A,H,-,A,D,0,Y,,,,Y,,N,60,0,1,0,0,1,0,0,0,0,"- ","- ",,,"LOS ANGELES",LYNWOOD,-118.1965484,33.92939715
8045463,2016,2016-05-26,1900,2016-03-23,2108,538667,0247,3,5,3,1914,0,0,0,,0,27TPM,"TELEGRAPH RD","SLAUSON AV",308.00,W,N,A,-,N,,,,,,,,,,N,2,0,1,2,C,-,18,,,N,G,B,D,A,H,-,C,A,0,Y,,,,Y,,-,"- ",1,0,0,0,1,0,0,0,0,"- ","- ",,,"LOS ANGELES",COMMERCE,-118.12436606999999,33.975753990000001
8045469,2016,2016-05-23,1900,2016-05-05,1417,534589*,2112,4,5,5,1943,0,0,0,,0,213B,"NORTON AV","LONG BEACH BL",0.00,,Y,B,-,N,,,,,,,,,,N,4,0,1,2,A,-,10,21950,A,F,G,B,B,A,H,-,A,A,0,Y,,,,Y,,-,99,0,0,1,0,1,0,0,0,0,"- ","- ",,,"LOS ANGELES",LYNWOOD,-118.21246008,33.933230119999997
8045616,2016,2016-05-26,1942,2016-04-27,0001,38233,0216,3,5,7,1942,0,0,0,B,0,2T15W3,"SUNSET BL","ALVARADO ST",7.00,W,N,A,-,N,,,,,,,,,,N,4,0,1,2,A,-,03,22350,,F,G,B,B,A,H,-,C,A,0,Y,,,,Y,,-,99,0,0,1,0,1,0,0,0,0,"- ","- ",,,"LOS ANGELES","LOS ANGELES",-118.26350262,34.077616229999997
8045640,2016,2016-05-26,1942,2016-04-19,2210,42147,0275,2,5,7,1942,0,0,0,B,0,2A91,"OLYMPIC BL","ALVARADO ST",0.00,,Y,A,-,N,,,,,,,,,,N,3,0,1,2,A,-,12,21453,A,N,G,B,D,A,H,-,C,A,0,Y,,,,Y,,N,60,0,1,0,0,1,0,0,0,0,"- ","- ",,,"LOS ANGELES","LOS ANGELES",-118.27983012999999,34.051740039999999
8046165,2016,2016-05-23,1900,2016-05-04,1915,525103,0530,3,5,5,1959,0,0,0,,0,54/PM,"EARLE AV","MISSION DR",360.00,S,N,B,-,N,,,,,,,,,,N,4,0,1,2,D,-,00,,,N,G,B,E,A,H,-,A,D,0,Y,,,,Y,,-,"- ",0,0,1,0,1,0,0,0,0,"- ","- ",,,"LOS ANGELES",ROSEMEAD,-118.08538806999999,34.087992939999999
8046166,2016,2016-05-23,1976,2016-04-08,1232,403,,5,5,5,1976,0,0,0,,0,001,"PENN ST","PAINTER AV",250.00,E,N,B,-,N,,,,,,,,,,N,3,0,1,2,A,-,11,21954,A,N,G,B,D,B,H,-,A,D,0,Y,,,,Y,,N,60,0,1,0,0,1,0,0,0,0,"- ","- ",,,"LOS ANGELES",WHITTIER,-118.03184726000001,33.975415269999999
8046263,2016,2016-05-24,1900,2016-03-28,1940,532457,1321,1,5,5,1935,0,0,0,,0,132T1P,"CANDLEWOOD DR","DUNROBIN AV",2.00,E,N,A,-,N,,,,,,,,,,N,3,0,1,2,A,-,12,22450,A,N,G,B,B,A,H,-,C,A,0,Y,,,,Y,,D,22,0,1,0,0,1,0,0,0,0,"- ","- ",,,"LOS ANGELES",LAKEWOOD,-118.12145343,33.85359012
8046598,2016,2016-05-26,1962,2016-05-17,0801,134,1962,2,5,4,1962,0,0,0,,0,023,"ORANGE ST","DEL MAR AV",0.00,,Y,A,B,N,,,,,,,,,,N,4,0,1,2,A,-,10,21950,A,F,G,B,B,A,H,-,A,A,0,Y,,,,Y,,A,01,0,0,1,0,1,0,0,0,0,"- ","- ",,,"LOS ANGELES","SAN GABRIEL",-118.09957004,34.093250089999998
8046792,2016,2016-05-17,1942,2016-04-06,0740,37505,1381,3,5,7,1942,0,0,0,M,0,13TL53,BROADWAY,"SLAUSON AV",48.00,S,N,A,-,N,,,,,,,,,,N,4,0,1,2,A,-,11,21955,,N,G,B,D,A,H,-,A,A,0,Y,,,,Y,,N,60,0,0,1,0,1,0,0,0,0,"- ","- ",,,"LOS ANGELES","LOS ANGELES",-118.2783,33.989048359999998
8046935,2016,2016-05-19,1909,2016-05-05,1420,560,1909,4,5,4,1909,0,0,0,,0,SOUTH,"GARFIELD AV","FLORENCE AV",0.00,,Y,B,-,N,,,,,,,,,,N,4,0,1,2,A,-,11,21456,B,N,G,B,B,A,H,-,A,A,0,Y,,,,Y,,N,,0,0,1,0,1,0,0,0,0,"- ","- ",,,"LOS ANGELES","BELL GARDENS",-118.15170007,33.965330029999997
8046966,2016,2016-05-18,1909,2016-05-06,1519,560,1909,5,5,4,1909,0,0,0,,0,SOUTH,"LOVELAND ST","GARFIELD AV",0.00,,Y,B,-,N,,,,,,,,,,N,4,0,1,2,A,-,11,21456,B,N,G,B,B,A,H,-,A,A,0,Y,,,,Y,,-,,0,0,1,0,1,0,0,0,0,"- ","- ",,,"LOS ANGELES","BELL GARDENS",-118.14909003,33.970100070000001
8047016,2016,2016-05-18,1924,2016-03-10,0654,116217,35,4,5,5,1924,0,0,0,,0,8L8D,"REDONDO BEACH BL","RAYMOND AV",15.00,E,N,A,-,N,,,,,,,,,,N,4,0,1,2,A,-,10,21950,A,N,G,B,B,A,H,-,A,A,0,Y,,,,Y,,A,01,0,0,1,0,1,0,0,0,0,"- ","- ",33.892049999999998,-118.29825,"LOS ANGELES",GARDENA,-118.29805484000001,33.892096559999999
8047211,2016,2016-05-16,1925,2016-04-06,1515,19364,278,3,5,6,1925,0,0,0,,0,002,"LOS FELIZ BL","CENTRAL AV",500.00,E,N,A,-,N,,,,,,,,,,N,3,0,1,2,B,-,22,,,N,G,B,D,A,H,-,A,D,0,Y,,,,Y,,N,60,0,1,0,0,1,0,0,0,0,"- ","- ",,,"LOS ANGELES",GLENDALE,-118.25616137,34.12867413
8047273,2016,2016-05-16,1942,2016-04-25,0800,41054,0701,1,5,7,1942,0,0,0,G,0,7TL23,"HAYWORTH AV","ROSEWOOD AV",85.00,N,N,A,-,N,,,,,,,,,,N,3,0,1,2,A,-,09,21804,A,N,G,B,F,A,H,-,A,D,0,Y,,,,Y,,A,01,0,1,0,0,1,0,0,0,0,"- ","- ",,,"LOS ANGELES","LOS ANGELES",-118.36268,34.080383130000001
8047281,2016,2016-05-17,1942,2016-04-17,1745,41567,0831,7,5,7,1942,0,0,0,H,0,8A98,"WILSHIRE BL","BROCKTON AV",0.00,,Y,A,-,N,,,,,,,,,,N,2,0,1,2,A,-,10,21950,A,N,G,B,B,A,H,-,A,A,0,Y,,,,Y,,A,01,1,0,0,0,1,0,0,0,0,"- ","- ",,,"LOS ANGELES","LOS ANGELES",-118.46516006,34.045950019999999
8047288,2016,2016-05-17,1942,2016-04-12,0815,42196,0841,2,5,7,1942,0,0,0,H,0,14A27,"WILSHIRE BL",WELLESLEY,0.00,,Y,A,-,N,,,,,,,,,,Y,3,0,1,3,A,-,09,21804,A,N,D,B,F,A,H,-,A,D,0,Y,,,,Y,,A,07,0,1,0,0,1,0,0,0,0,"- ","- ",,,"LOS ANGELES","LOS ANGELES",-118.46916001,34.042740070000001
8047292,2016,2016-05-17,1942,2016-04-20,1918,42123,0818,3,5,7,1942,0,0,0,H,0,8A98,"VETERAN AV","MONTANA AV",0.00,,Y,A,-,N,,,,,,,,,,N,4,0,1,2,A,-,09,21453,B,N,G,B,B,A,H,-,A,A,0,Y,,,,Y,,A,01,0,0,1,0,1,0,0,0,0,"- ","- ",,,"LOS ANGELES","LOS ANGELES",-118.45501013000001,34.070320039999999
8047305,2016,2016-05-17,1942,2016-04-29,0730,36553,1456,5,5,7,1942,0,0,0,N,0,14TL49,"INGLEWOOD BL","COURTLEIGH DR",95.00,N,N,A,-,N,,,,,,,,,,N,4,0,1,2,A,-,08,22104,,F,G,B,F,A,H,-,A,D,0,Y,,,,Y,,-,99,0,0,1,0,1,0,0,0,0,"- ","- ",,,"LOS ANGELES","LOS ANGELES",-118.42003072999999,33.996326430000003
8047447,2016,2016-05-27,1925,2016-05-05,1513,21092,150,4,5,6,1925,0,0,0,,0,004,"CANADA BL","TOWNE ST",180.00,S,N,B,-,N,,,,,,,,,,N,4,0,1,2,A,-,11,21954,A,N,G,B,E,A,H,-,A,D,0,Y,,,,Y,,N,60,0,0,1,0,1,0,0,0,0,"- ","- ",,,"LOS ANGELES",GLENDALE,-118.22915508,34.169114749999999
8047569,2016,2016-05-19,1900,2016-04-08,1555,552627,261,5,5,4,1917,0,0,0,,0,26T,"CLARA ST","ATLANTIC AV",150.00,W,N,C,-,N,,,,,,,,,,N,4,0,1,2,A,-,11,21954,A,M,B,B,D,B,H,-,A,D,0,Y,,,,Y,,N,60,0,0,1,0,1,0,0,0,0,"- ","- ",,,"LOS ANGELES",CUDAHY,-118.18751009,33.965619510000003
8047605,2016,2016-05-24,1941,2016-05-09,1114,10785,,1,5,7,1941,0,0,0,,0,,"ANAHEIM ST","MAGNOLIA AV",0.00,,Y,B,-,N,,,,,,,,,,N,4,0,1,2,A,-,10,21950,A,N,G,B,B,A,H,-,A,A,0,Y,,,,Y,,A,,0,0,1,0,1,0,0,0,0,"- ","- ",,,"LOS ANGELES","LONG BEACH",-118.19803005999999,33.782600049999999
8047661,2016,2016-05-23,1941,2016-05-10,0321,10131,,2,5,7,1941,0,0,0,,0,,"ALAMITAS AV","OCEAN BL",0.00,,Y,A,-,N,,,,,,,,,,N,4,0,1,2,D,-,00,,,M,G,B,B,A,H,-,C,-,0,Y,,,,Y,,-,"- ",0,0,1,0,1,0,0,0,0,"- ","- ",,,"LOS ANGELES","LONG BEACH",-118.18311004,33.766370090000002
8047717,2016,2016-05-23,1942,2016-05-02,0700,40383,1757,1,5,7,1942,0,0,0,Q,0,16T23,"DEVONSHIRE ST","PETIT AV",25.00,E,N,A,-,N,,,,,,,,,,N,3,0,1,2,A,-,11,21954,A,F,G,B,E,A,H,-,A,D,0,Y,,,,Y,,N,60,0,1,0,0,1,0,0,0,0,"- ","- ",,,"LOS ANGELES","LOS ANGELES",-118.49794740999999,34.257480000000001
8047801,2016,2016-05-25,1942,2016-05-13,1200,38273,0941,5,5,7,1942,0,0,0,I,0,21TL67,"VAN NUYS BL","AETNA ST",157.00,N,N,A,-,N,,,,,,,,,,N,2,0,1,2,A,-,11,21456,B,N,G,B,B,A,H,-,A,A,0,Y,,,,Y,Y,N,60,1,0,0,0,1,0,0,0,0,"- ","- ",,,"LOS ANGELES","LOS ANGELES",-118.44873020999999,34.18055056
8047804,2016,2016-05-25,1942,2016-05-10,0740,42059,952,2,5,7,1942,0,0,0,,0,9A5,"WEDDINGTON ST","KESTER AV",0.00,,Y,B,-,N,,,,,,,,,,N,4,0,1,2,A,-,10,21950,A,N,G,B,B,A,H,-,A,D,0,Y,,,,Y,,A,01,0,0,1,0,1,0,0,0,0,"- ","- ",,,"LOS ANGELES","LOS ANGELES",-118.45745012,34.166680120000002
8047822,2016,2016-05-24,1942,2016-05-13,2355,41198,1547,5,5,7,1942,0,0,0,O,0,16T23,"BURBANK BL","FARMDALE AV",64.00,W,N,A,-,N,,,,,,,,,,Y,2,0,1,2,A,-,11,21954,A,N,G,B,D,A,H,-,C,A,0,Y,,,,Y,,N,60,1,0,0,0,1,0,0,0,0,"- ","- ",,,"LOS ANGELES","LOS ANGELES",-118.38125119,34.172150000000002
8047832,2016,2016-05-24,1942,2016-05-06,2259,37248,1681,5,5,7,1942,0,0,0,P,0,16A81,"ROSCOE BL","VANTAGE AV",8.00,E,N,B,-,N,,,,,,,,,,N,4,0,1,2,A,-,10,21950,A,N,G,B,B,B,H,-,D,D,0,Y,,,,Y,,A,01,0,0,1,0,1,0,0,0,0,"- ","- ",,,"LOS ANGELES","LOS ANGELES",-118.39765359,34.221649999999997
8047840,2016,2016-05-24,1942,2016-05-10,0950,38887,1503,2,5,7,1942,0,0,0,O,0,15A39,"SHADYGLADE AV","COVELLO ST",0.00,,Y,A,-,N,,,,,,,,,,N,3,0,1,2,A,-,11,21954,A,M,G,B,C,A,H,-,A,D,0,Y,,,,Y,,N,60,0,1,0,0,1,0,0,0,0,"- ","- ",,,"LOS ANGELES","LOS ANGELES",-118.40234003,34.20803007
8047841,2016,2016-06-01,1942,2016-04-16,1610,41793,1257,6,5,7,1942,0,0,0,L,0,3A1,"76TH ST",HOOVER,60.00,W,N,A,-,N,,,,,,,,,,N,3,0,1,2,A,-,11,21954,A,N,A,B,D,A,H,-,A,D,0,Y,,,,Y,,N,60,0,1,0,0,1,0,0,0,0,"- ","- ",,,"LOS ANGELES","LOS ANGELES",-118.2873175,33.970750000000002
8047861,2016,2016-06-01,1942,2016-03-31,1535,42252,0217,4,5,7,1942,0,0,0,B,0,2A5,"ALVARADO ST","KENT ST",0.00,,Y,A,-,N,,,,,,,,,,N,4,0,1,2,A,-,21,22106,,N,G,B,-,A,H,-,A,D,0,Y,,,,Y,,-,,0,0,1,0,1,0,0,0,0,"- ","- ",,,"LOS ANGELES","LOS ANGELES",-118.26541005999999,34.074440099999997
8047863,2016,2016-06-01,1942,2016-03-30,1250,38124,0249,3,5,7,1942,0,0,0,B,0,13T55,"WILSHIRE BL","SAINT PAUL AV",0.00,,Y,A,-,N,,,,,,,,,,N,3,0,1,2,A,-,17,21451,A,N,G,B,B,A,H,-,A,A,0,Y,,,,Y,,A,01,0,1,0,0,1,0,0,0,0,"- ","- ",,,"LOS ANGELES","LOS ANGELES",-118.26198005000001,34.051740010000003
8047870,2016,2016-06-01,1942,2016-03-26,2015,25399,231,6,5,7,1942,0,0,0,,0,2A92,"TEMPLE ST","ROBINSON ST",0.00,,Y,A,-,N,,,,,,,,,,N,4,0,1,2,A,-,11,21954,A,N,A,B,D,A,H,-,C,D,0,Y,,,,Y,Y,-,"- ",0,0,1,0,1,0,0,0,0,"- ","- ",,,"LOS ANGELES","LOS ANGELES",-118.28208012,34.075670109999997
8047875,2016,2016-05-31,1942,2016-03-18,1615,34462,265,5,5,7,1942,0,0,0,,0,2A76,"8TH ST","LAKE ST",0.00,,Y,A,-,N,,,,,,,,,,N,4,0,1,2,A,-,10,21950,A,N,G,B,-,A,H,-,A,D,0,Y,,,,Y,,-,,0,0,1,0,1,0,0,0,0,"- ","- ",,,"LOS ANGELES","LOS ANGELES",-118.27893002,34.055380020000001
8047885,2016,2016-06-06,1942,2016-04-22,0710,37398,1142,5,5,7,1942,0,0,0,K,0,11T32,"VERMONT AV","FRANKLIN AV",0.00,,Y,A,-,N,,,,,,,,,,N,3,0,1,2,A,-,10,21950,A,N,G,B,B,A,H,-,A,A,0,Y,,,,Y,,H,13,0,1,0,0,1,0,0,0,0,"- ","- ",,,"LOS ANGELES","LOS ANGELES",-118.29179000000001,34.105410059999997
8047920,2016,2016-06-01,1942,2016-04-26,0715,32973,1153,2,5,7,1942,0,0,0,K,0,11T32,"WINONA BL","LOS FRANCISCOS WY",0.00,,Y,A,-,N,,,,,,,,,,N,4,0,1,2,A,-,11,21954,A,N,G,B,E,A,H,-,A,-,0,Y,,,,Y,,N,60,0,0,1,0,1,0,0,0,0,"- ","- ",,,"LOS ANGELES","LOS ANGELES",-118.3026401,34.112220049999998
8047930,2016,2016-06-06,1942,2016-04-26,2030,38124,1123,2,5,7,1942,0,0,0,K,0,13T55,"LOS FELIZ BL","SENECA AV",200.00,W,N,A,-,N,,,,,,,,,,N,4,0,1,2,B,-,22,,,N,G,B,D,A,H,-,C,D,0,Y,,,,Y,,A,01,0,0,1,0,1,0,0,0,0,"- ","- ",,,"LOS ANGELES","LOS ANGELES",-118.26343212,34.126163099999999
8047938,2016,2016-06-01,1942,2016-04-13,1750,40854,1144,3,5,7,1942,0,0,0,K,0,11A72,"ROWENA AV","W SILVER LAKE DR",0.00,,Y,A,-,N,,,,,,,,,,N,4,0,1,2,A,-,09,21801,A,N,G,B,B,A,H,-,A,A,0,Y,,,,Y,,-,"- ",0,0,1,0,1,0,0,0,0,"- ","- ",,,"LOS ANGELES","LOS ANGELES",-118.26709003000001,34.108070040000001
8047941,2016,2016-06-01,1942,2016-04-22,1415,34458,1129,5,5,7,1942,0,0,0,K,0,2T28,"HOUGH ST","SAN PASCUAL AV",357.00,N,N,A,-,N,,,,,,,,,,N,3,0,2,3,A,-,21,22106,,N,G,B,D,A,H,-,A,D,0,Y,,,,Y,,A,07,0,1,1,0,2,0,0,0,0,"- ","- ",,,"LOS ANGELES","LOS ANGELES",-118.17306659,34.119042880000002
8047955,2016,2016-06-06,1942,2016-05-03,0820,39010,0421,2,5,7,1942,0,0,0,D,0,11TL21,"ALBION ST","AVENUE 19",9.00,N,N,A,-,N,,,,,,,,,,N,3,0,1,2,A,-,10,21950,A,F,G,B,B,A,H,-,A,A,0,Y,,,,Y,,-,99,0,1,0,0,1,0,0,0,0,"- ","- ",,,"LOS ANGELES","LOS ANGELES",-118.22004388000001,34.070211690000001
8047956,2016,2016-06-06,1942,2016-05-03,1050,39010,0449,2,5,7,1942,0,0,0,D,0,11TL21,"WABASH AV","EVERGREEN AV",12.00,E,N,A,-,N,,,,,,,,,,N,3,0,1,2,A,-,10,21950,A,N,G,B,B,A,H,-,A,A,0,Y,,,,Y,,A,01,0,1,0,0,1,0,0,0,0,"- ","- ",,,"LOS ANGELES","LOS ANGELES",-118.19698485000001,34.050044939999999
8047960,2016,2016-06-06,1942,2016-05-06,1455,40099,0256,5,5,7,1942,0,0,0,B,0,11T32,"UNION AV","6TH ST",45.00,S,N,A,-,N,,,,,,,,,,N,4,0,1,2,A,-,11,21955,,N,G,A,C,A,H,-,A,A,0,Y,,,,Y,,N,60,0,0,1,0,1,0,0,0,0,"- ","- ",,,"LOS ANGELES","LOS ANGELES",-118.26987,34.057310000000001
8048205,2016,2016-05-25,1942,2016-05-15,1830,39281,1792,7,5,7,1942,0,0,0,Q,0,9T57,"CORBIN AV","SCHOENBORN ST",205.00,N,N,A,-,N,,,,,,,,,,Y,2,0,2,6,A,-,01,23152,A,N,B,B,E,A,H,-,A,D,0,Y,,Y,,Y,Y,C,02,2,0,0,0,1,0,0,0,1,"- ","- ",,,"LOS ANGELES","LOS ANGELES",-118.56228160000001,34.22165236
8048308,2016,2016-05-26,1942,2016-04-16,2015,35330,1414,6,5,7,1942,0,0,0,N,0,14A11,"ROSE AV","LINCOLN BL",250.00,W,N,A,-,N,,,,,,,,,,N,2,0,1,2,A,-,11,21954,A,N,G,B,D,A,H,-,C,D,0,Y,,,,Y,,N,60,1,0,0,0,1,0,0,0,0,"- ","- ",,,"LOS ANGELES","LOS ANGELES",-118.46854759,34.000985919999998