CASE_ID,ACCIDENT_YEAR,PROC_DATE,JURIS,COLLISION_DATE,COLLISION_TIME,OFFICER_ID,REPORTING_DISTRICT,DAY_OF_WEEK,CHP_SHIFT,POPULATION,CNTY_CITY_LOC,SPECIAL_COND,BEAT_TYPE,CHP_BEAT_TYPE,CITY_DIVISION_LAPD,CHP_BEAT_CLASS,BEAT_NUMBER,PRIMARY_RD,SECONDARY_RD,DISTANCE,DIRECTION,INTERSECTION,WEATHER_1,WEATHER_2,STATE_HWY_IND,CALTRANS_COUNTY,CALTRANS_DISTRICT,STATE_ROUTE,ROUTE_SUFFIX,POSTMILE_PREFIX,POSTMILE,LOCATION_TYPE,RAMP_INTERSECTION,SIDE_OF_HWY,TOW_AWAY,COLLISION_SEVERITY,NUMBER_KILLED,NUMBER_INJURED,PARTY_COUNT,PRIMARY_COLL_FACTOR,PCF_CODE_OF_VIOL,PCF_VIOL_CATEGORY,PCF_VIOLATION,PCF_VIOL_SUBSECTION,HIT_AND_RUN,TYPE_OF_COLLISION,MVIW,PED_ACTION,ROAD_SURFACE,ROAD_COND_1,ROAD_COND_2,LIGHTING,CONTROL_DEVICE,CHP_ROAD_TYPE,PEDESTRIAN_ACCIDENT,BICYCLE_ACCIDENT,MOTORCYCLE_ACCIDENT,TRUCK_ACCIDENT,NOT_PRIVATE_PROPERTY,ALCOHOL_INVOLVED,STWD_VEHTYPE_AT_FAULT,CHP_VEHTYPE_AT_FAULT,COUNT_SEVERE_INJ,COUNT_VISIBLE_INJ,COUNT_COMPLAINT_PAIN,COUNT_PED_KILLED,COUNT_PED_INJURED,COUNT_BICYCLIST_KILLED,COUNT_BICYCLIST_INJURED,COUNT_MC_KILLED,COUNT_MC_INJURED,PRIMARY_RAMP,SECONDARY_RAMP,LATITUDE,LONGITUDE,COUNTY,CITY,POINT_X,POINT_Y
8094410,2016,2016-08-02,1900,2016-07-06,0104,526486,0986,3,5,4,1979,0,0,0,,0,91T3,"SUNSET BL","LA CIENEGA BL",387.00,E,N,A,-,N,,,,,,,,,,N,4,0,1,2,A,-,11,21954,A,M,G,B,D,A,H,-,C,D,0,Y,,,,Y,,N,60,0,0,1,0,1,0,0,0,0,"- ","- ",,,"LOS ANGELES","WEST HOLLYWOOD",-118.37516538,34.094670409999999
8094458,2016,2016-08-02,1928,2016-07-21,1700,376,532,4,5,5,1928,0,0,0,,0,501,"INGLEWOOD AV",BROADWAY,12.00,N,N,A,-,N,,,,,,,,,,Y,3,0,4,5,A,-,12,21453,A,N,G,B,B,A,H,-,A,A,0,Y,,,,Y,,A,01,0,4,0,0,4,0,0,0,0,"- ","- ",33.920050000000003,-118.36134,"LOS ANGELES",HAWTHORNE,-118.3613,33.920042909999999
8094461,2016,2016-08-02,1976,2016-07-06,2331,418,,3,5,5,1976,0,0,0,,0,003,"PAINTER AV","HELEN ST",90.00,N,N,A,-,N,,,,,,,,,,Y,3,0,2,2,A,-,11,21954,A,N,G,B,D,A,H,-,C,D,0,Y,,,,Y,,N,60,0,2,0,0,1,0,0,0,0,"- ","- ",,,"LOS ANGELES",WHITTIER,-118.03267466,33.970166740000003
8094462,2016,2016-08-02,1901,2016-07-10,2044,268,10,7,5,5,1901,0,0,0,,0,002,"VALLEY BL","3RD ST",0.00,,Y,A,-,N,,,,,,,,,,N,3,0,1,2,A,-,10,21950,A,N,G,B,B,A,H,-,E,A,0,Y,,,,Y,,A,08,0,1,0,0,1,0,0,0,0,"- ","- ",,,"LOS ANGELES",ALHAMBRA,-118.12553001000001,34.078420110000003
8094494,2016,2016-08-02,1900,2016-06-12,1800,531409,0977,7,5,4,1979,0,0,0,,0,930,"SANTA MONICA BL","WEST KNOLL DR",200.00,W,N,A,-,N,,,,,,,,,,N,4,0,1,2,D,-,00,,,N,G,B,C,A,H,-,A,-,0,Y,,,,Y,Y,-,"- ",0,0,1,0,1,0,0,0,0,"- ","- ",,,"LOS ANGELES","WEST HOLLYWOOD",-118.37762386999999,34.088842409999998
8094500,2016,2016-08-05,1900,2016-06-29,2040,532734,0972,3,5,4,1979,0,0,0,,0,93T1,"MELROSE AV","LA CIENEGA BL",12.00,E,N,A,-,N,,,,,,,,,,N,4,0,1,2,A,-,10,21950,A,N,G,B,B,A,H,-,C,A,0,Y,,,,Y,,A,01,0,0,1,0,1,0,0,0,0,"- ","- ",,,"LOS ANGELES","WEST HOLLYWOOD",-118.37648571,34.081956400000003
8094693,2016,2017-02-27,1900,2016-07-13,1606,512437,0531,3,5,5,1959,0,0,0,,0,53T1PM,"ROSEMEAD BL","GUESS ST",20.00,E,N,A,-,Y,LA,7,164,-,-,6.075,I,5,S,N,4,0,1,2,A,-,10,21950,A,F,G,B,D,A,H,-,A,D,0,Y,,,,Y,,A,01,0,0,1,0,1,0,0,0,0,"- ","- ",,,"LOS ANGELES",ROSEMEAD,-118.07322116,34.078768869999998
8094784,2016,2017-02-11,1942,2016-07-24,2015,42420,1454,7,5,7,1942,0,0,0,N,0,14A11,"MAXELLA AV","GLENCOE AV",3.00,W,N,A,-,N,,,,,,,,,,N,4,0,1,2,A,-,10,21950,A,F,G,B,B,A,H,-,B,A,0,Y,,,,Y,,-,99,0,0,1,0,1,0,0,0,0,"- ","- ",,,"LOS ANGELES","LOS ANGELES",-118.44031846999999,33.987215769999999
8094786,2016,2016-08-03,1900,2016-07-23,1528,520726,0531,6,5,5,1959,0,0,0,,0,53T1PM,"MUSCATEL AV","MARSHALL ST",3.00,E,N,A,-,N,,,,,,,,,,N,4,0,1,2,A,-,10,21950,A,N,G,B,B,A,H,-,A,A,0,Y,,,,Y,,A,07,0,0,1,0,1,0,0,0,0,"- ","- ",,,"LOS ANGELES",ROSEMEAD,-118.07745,34.075589999999998
8094798,2016,2016-08-03,1900,2016-07-07,2124,514615,0525,4,5,4,1971,0,0,0,,0,58T1EM,"SANTA ANITA AV","FREER AV",21.00,S,N,A,-,N,,,,,,,,,,Y,4,0,2,4,A,-,08,22107,,N,A,E,F,A,H,-,C,A,0,Y,,,,Y,,A,01,0,0,2,0,1,0,0,0,0,"- ","- ",,,"LOS ANGELES","TEMPLE CITY",-118.02926411999999,34.100382629999999
8094959,2016,2016-09-27,1900,2016-07-10,2100,532447,0333,7,5,4,1939,0,0,0,,0,35A,"170TH ST","FIRMONA AV",328.00,W,N,A,-,N,,,,,,,,,,N,4,0,1,2,A,-,00,21954,,N,H,B,E,A,H,-,C,D,0,Y,,,,Y,,N,60,0,0,1,0,1,0,0,0,0,"- ","- ",,,"LOS ANGELES",LAWNDALE,-118.35875851,33.87661078
8095229,2016,2016-08-11,1942,2016-06-13,1510,39355,1655,1,5,7,1942,0,0,0,P,0,10TL34,"WHEATLAND AV","VAIL DR",497.00,E,N,A,-,N,,,,,,,,,,N,2,0,1,2,C,-,18,,,N,C,B,F,A,H,-,A,D,0,Y,,,,Y,Y,-,"- ",1,0,0,0,1,0,0,0,0,"- ","- ",,,"LOS ANGELES","LOS ANGELES",-118.35808785,34.263288979999999
8095232,2016,2016-08-03,1942,2016-06-07,1905,40972,1602,2,5,7,1942,0,0,0,P,0,15T45,"DRONFIELD AV","FILMORE ST",10.00,S,N,A,-,N,,,,,,,,,,N,4,0,1,2,A,-,10,21950,A,N,G,B,B,A,H,-,A,D,0,Y,,,,Y,,A,07,0,0,1,0,1,0,0,0,0,"- ","- ",,,"LOS ANGELES","LOS ANGELES",-118.40825769999999,34.281409760000003
8095254,2016,2016-08-02,1942,2016-06-30,1630,37724,1802,4,5,7,1942,0,0,0,R,0,5TL21,BROADWAY,"89TH ST",10.00,N,N,A,-,N,,,,,,,,,,N,2,0,1,2,A,-,10,21950,A,F,G,B,B,A,H,-,A,A,0,Y,,,,Y,,-,99,1,0,0,0,1,0,0,0,0,"- ","- ",,,"LOS ANGELES","LOS ANGELES",-118.27820800000001,33.955522000000002
8095261,2016,2016-08-01,1942,2016-06-28,1240,41376,0711,2,5,7,1942,0,0,0,G,0,7T38,"ORLANDO AV","BEVERLY AV",0.00,,Y,A,-,N,,,,,,,,,,N,4,0,1,2,A,-,10,21950,A,N,G,B,B,A,H,-,A,A,0,Y,,,,Y,,A,01,0,0,1,0,1,0,0,0,0,"- ","- ",,,"LOS ANGELES","LOS ANGELES",-118.37316008000001,34.076050010000003
8095288,2016,2016-08-03,1925,2016-07-15,1534,20871,166,5,5,6,1925,0,0,0,,0,001,"BRAND BL","STOCKER ST",10.00,S,N,A,-,N,,,,,,,,,,N,2,0,1,2,A,-,11,21456,B,N,G,B,B,A,H,-,A,A,0,Y,,,,Y,,N,60,1,0,0,0,1,0,0,0,0,"- ","- ",,,"LOS ANGELES",GLENDALE,-118.25506,34.163642580000001
8095377,2016,2016-08-03,1942,2016-07-03,0315,25495,0774,7,5,7,1942,0,0,0,G,0,7T23,"WASHINGTON BL","ORANGE DR",115.00,W,N,A,-,N,,,,,,,,,,N,4,0,1,2,A,-,10,21952,,N,G,B,F,A,H,-,C,D,0,Y,,,,Y,,D,22,0,0,1,0,1,0,0,0,0,"- ","- ",,,"LOS ANGELES","LOS ANGELES",-118.35006396,34.040860709999997
8095423,2016,2016-08-03,1942,2016-07-23,1400,39216,1651,6,5,7,1942,0,0,0,P,0,16A23,"LAUREL CANYON BL","MONTAGUE ST",150.00,S,N,B,F,N,,,,,,,,,,N,4,0,1,3,A,-,01,23153,A,N,B,B,E,A,G,-,A,-,0,Y,,,,Y,Y,A,01,0,0,1,0,1,0,0,0,0,"- ","- ",,,"LOS ANGELES","LOS ANGELES",-118.41600094,34.243572450000002
8095425,2016,2016-08-02,1942,2016-07-20,2120,36542,0933,3,5,7,1942,0,0,0,I,0,10T37W,"SYLVAN AV","VAN NUYS BL",5.00,E,N,A,-,N,,,,,,,,,,N,4,0,1,2,A,-,11,21950,B,N,A,B,B,A,H,-,C,A,0,Y,,,,Y,,N,60,0,0,1,0,1,0,0,0,0,"- ","- ",,,"LOS ANGELES","LOS ANGELES",-118.44874350000001,34.184640219999999
8095438,2016,2016-09-27,1942,2016-07-01,1150,38480,1075,5,5,7,1942,0,0,0,J,0,10A1,"WHITE OAK AV","VENTURA BL",0.00,,Y,A,-,N,,,,,,,,,,N,2,0,1,2,A,-,08,22107,,N,G,B,B,A,H,-,A,A,0,Y,,,,Y,,A,01,1,0,0,0,1,0,0,0,0,"- ","- ",,,"LOS ANGELES","LOS ANGELES",-118.5185501,34.16242003
8095455,2016,2016-08-05,1942,2016-07-05,1310,34024,1077,2,5,7,1942,0,0,0,J,0,1023,"LOUISE AV","VENTURA BL",300.00,S,N,A,-,N,,,,,,,,,,N,4,0,1,2,A,-,10,21952,,N,G,B,F,A,H,-,A,D,0,Y,,,,Y,,D,22,0,0,1,0,1,0,0,0,0,"- ","- ",,,"LOS ANGELES","LOS ANGELES",-118.50999031000001,34.160075030000002
8095510,2016,2016-08-02,1942,2016-07-01,0825,38185,1067,5,5,7,1942,0,0,0,J,0,9TL57,"WHITE OAK AV","MAGNOLIA BL",10.00,N,N,A,-,N,,,,,,,,,,N,4,0,1,2,A,-,10,21950,A,N,G,B,D,A,H,-,A,A,0,Y,,,,Y,,A,01,0,0,1,0,1,0,0,0,0,"- ","- ",,,"LOS ANGELES","LOS ANGELES",-118.51856064,34.165377429999999
8095528,2016,2016-08-04,1941,2016-07-21,1836,10033,,4,5,7,1941,0,0,0,,0,,"10TH ST","OHIO AV",0.00,,Y,A,-,N,,,,,,,,,,N,3,0,1,2,A,-,11,21954,A,N,G,B,B,A,H,-,A,A,0,Y,,,,Y,,N,,0,1,0,0,1,0,0,0,0,"- ","- ",,,"LOS ANGELES","LONG BEACH",-118.16006012,33.778960050000002
8095855,2016,2016-08-08,1942,2016-07-18,1735,39271,2136,1,5,7,1942,0,0,0,,0,21X44,"HART ST","MILWOOD AV",0.00,,Y,A,-,N,,,,,,,,,,N,4,0,1,2,A,-,10,21950,A,F,G,B,B,A,H,-,A,A,0,Y,,,,Y,,-,99,0,0,1,0,1,0,0,0,0,"- ","- ",,,"LOS ANGELES","LOS ANGELES",-118.59426013,34.197390009999999
8095874,2016,2016-08-04,1942,2016-07-09,0700,40928,0914,6,5,7,1942,0,0,0,I,0,10T37,"VAN NUYS BL","VOSE ST",0.00,,Y,A,-,N,,,,,,,,,,N,4,0,1,2,A,-,10,21950,A,N,G,B,B,A,H,-,A,A,0,Y,,,,Y,,A,01,0,0,1,0,1,0,0,0,0,"- ","- ",,,"LOS ANGELES","LOS ANGELES",-118.44879011,34.198450080000001
8095879,2016,2016-08-04,1942,2016-07-06,1030,30452,0905,3,5,7,1942,0,0,0,I,0,9TL53,"VISTA DEL MONTE AV","VALERIO ST",0.00,,Y,A,-,N,,,,,,,,,,N,3,0,1,2,A,-,11,21950,B,N,G,B,B,A,H,-,A,D,0,Y,,,,Y,,N,60,0,1,0,0,1,0,0,0,0,"- ","- ",,,"LOS ANGELES","LOS ANGELES",-118.4500601,34.204820089999998
8095980,2016,2016-08-05,1942,2016-07-08,1430,42344,0969,5,5,7,1942,0,0,0,I,0,9A37,"COLDWATER CYN","MAGNOLIA BL",300.00,N,N,A,-,N,,,,,,,,,,N,3,0,1,2,B,-,22,,,N,G,B,F,A,H,-,A,D,0,Y,,,,Y,,D,22,0,1,0,0,1,0,0,0,0,"- ","- ",,,"LOS ANGELES","LOS ANGELES",-118.41379999999999,34.165692849999999
8096107,2016,2016-08-05,1942,2016-07-26,1730,38380,2016,2,5,7,1942,0,0,0,,0,20TL58,"2ND ST","ALEXANDRIA AV",0.00,,Y,A,-,N,,,,,,,,,,N,3,0,1,2,A,-,10,21950,A,N,G,B,B,A,H,-,A,A,0,Y,,,,Y,,A,08,0,1,0,0,1,0,0,0,0,"- ","- ",,,"LOS ANGELES","LOS ANGELES",-118.29842007000001,34.071200099999999
8096126,2016,2016-08-08,1942,2016-07-22,2305,25495,0734,5,5,7,1942,0,0,0,G,0,7T23,"3RD ST","GILMORE LN",80.00,W,N,A,-,N,,,,,,,,,,N,4,0,3,3,A,-,03,22350,,N,C,C,D,A,H,-,C,A,0,Y,,,,Y,Y,A,01,0,0,3,0,1,0,0,0,0,"- ","- ",,,"LOS ANGELES","LOS ANGELES",-118.35974026,34.071305170000002
8096127,2016,2016-08-08,1942,2016-07-22,0650,39065,0649,5,5,7,1942,0,0,0,F,0,7T23,"HOLLYWOOD BL","NORMANDIE AV",0.00,,Y,A,-,N,,,,,,,,,,N,3,0,1,2,A,-,09,21801,A,N,A,B,B,A,H,-,A,D,0,Y,,,Y,Y,,F,21,0,1,0,0,1,0,0,0,0,"- ","- ",,,"LOS ANGELES","LOS ANGELES",-118.30056008,34.101750090000003
8096134,2016,2016-08-12,1942,2016-07-22,1850,25495,0783,5,5,7,1942,0,0,0,G,0,7T23,"HAUSER BL","APPLE ST",5.00,S,N,A,-,N,,,,,,,,,,Y,4,0,1,2,A,-,10,21950,A,N,-,B,B,A,H,-,A,A,0,Y,,,,Y,,D,22,0,0,1,0,1,0,0,0,0,"- ","- ",,,"LOS ANGELES","LOS ANGELES",-118.36205428,34.034276759999997
8096206,2016,2016-09-27,1969,2016-07-02,1616,10203,PATRO,6,5,5,1969,0,0,0,,0,002,"TWEEDY BL","ELIZABETH AV",15.00,E,N,A,-,N,,,,,,,,,,N,3,0,1,2,A,-,10,21950,A,F,G,B,B,A,H,-,A,D,0,Y,,,,Y,,-,,0,1,0,0,1,0,0,0,0,"- ","- ",,,"LOS ANGELES","SOUTH GATE",-118.20970091,33.944655730000001
8096353,2016,2016-08-08,1969,2016-05-26,1210,10050,,4,5,5,1969,0,0,0,,0,0A3,"OTIS ST","FIRESTONE BL",75.00,N,N,A,-,N,,,,,,,,,,,4,0,1,2,A,-,11,21954,A,F,G,B,F,A,H,-,A,D,0,Y,,,,Y,,A,01,0,0,1,0,1,0,0,0,0,"- ","- ",,,"LOS ANGELES","SOUTH GATE",-118.19649081999999,33.953464230000002
8096510,2016,2016-08-11,1942,2016-07-17,1930,40928,0919,7,5,7,1942,0,0,0,I,0,21T65,"FULTON AV","VANOWEN ST",0.00,,Y,A,-,N,,,,,,,,,,N,4,0,1,2,A,-,10,21950,A,N,G,B,B,A,H,-,A,A,0,Y,,,,Y,,A,01,0,0,1,0,1,0,0,0,0,"- ","- ",,,"LOS ANGELES","LOS ANGELES",-118.42253003,34.193950020000003
8096514,2016,2016-08-11,1941,2016-07-31,1803,5381,,7,5,7,1941,0,0,0,,0,,"ATLANTIC AV","10TH ST",0.00,,Y,A,-,N,,,,,,,,,,N,4,0,1,2,A,-,10,21950,A,N,G,B,B,A,H,-,A,A,0,Y,,,,Y,,A,,0,0,1,0,1,0,0,0,0,"- ","- ",,,"LOS ANGELES","LONG BEACH",-118.18505003999999,33.77898004
8096580,2016,2016-08-11,1941,2016-07-27,1900,6278,,3,5,7,1941,0,0,0,,0,,"3RD ST","CHESTNUT AV",0.00,,Y,A,-,N,,,,,,,,,,N,4,0,1,2,D,-,00,,,N,G,B,B,A,H,-,A,A,0,Y,,,,Y,,-,"- ",0,0,1,0,1,0,0,0,0,"- ","- ",,,"LOS ANGELES","LONG BEACH",-118.19633007,33.770510059999999
8096593,2016,2016-08-11,1942,2016-07-20,2125,38354,1044,3,5,7,1942,0,0,0,J,0,19T25,"ETIWANDA AV","BURBANK BL",231.00,N,N,A,-,N,,,,,,,,,,N,4,0,1,2,B,-,22,,,N,G,B,F,A,H,-,C,D,0,Y,,,,Y,,A,01,0,0,1,0,1,0,0,0,0,"- ","- ",,,"LOS ANGELES","LOS ANGELES",-118.53081487,34.172953649999997
8096596,2016,2017-03-01,1941,2016-07-28,2154,6278,,4,5,7,1941,0,0,0,,0,,"PACIFIC COAST HWY","GARDENIA AV",5.00,E,N,A,-,Y,LA,7,1,-,-,5.071,I,5,N,N,4,0,1,2,-,-,"- ",,,N,G,B,D,A,H,-,C,D,0,Y,,,,Y,,-,"- ",0,0,1,0,1,0,0,0,0,"- ","- ",,,"LOS ANGELES","LONG BEACH",-118.16869602,33.789917320000001
8096612,2016,2016-08-11,1941,2016-07-10,1305,5292,,7,5,7,1941,0,0,0,,0,,"E ANAHEIM ST","OLIVE AV",141.00,,N,A,-,N,,,,,,,,,,N,4,0,1,2,A,-,00,20001,A,N,G,B,-,A,H,-,A,D,0,Y,,,,Y,,A,,0,0,1,0,1,0,0,0,0,"- ","- ",,,"LOS ANGELES","LONG BEACH",-118.18286009000001,33.782609999999998
8096621,2016,2016-08-11,1941,2016-07-25,1925,10135,,1,5,7,1941,0,0,0,,0,,"WINDSOR PL","E CHESTNUT PL",26.00,E,N,A,-,N,,,,,,,,,,N,3,0,1,2,A,-,10,21950,,N,G,B,D,A,H,-,-,D,0,Y,,,,Y,,A,,0,1,0,0,1,0,0,0,0,"- ","- ",,,"LOS ANGELES","LONG BEACH",-118.19629463,33.766629999999999
8096632,2016,2016-08-11,1941,2016-07-25,2318,10063,,1,5,7,1941,0,0,0,,0,,"WALNUT AV","PACIFIC COAST HWY",0.00,,N,A,-,N,,,,,,,,,,N,3,0,1,2,A,-,"- ",,,N,A,B,E,A,H,-,D,D,0,Y,,,,Y,,N,,0,1,0,0,1,0,0,0,0,"- ","- ",,,"LOS ANGELES","LONG BEACH",-118.17203009000001,33.789860050000001
8096636,2016,2016-08-24,1941,2016-07-25,1738,5906,,1,5,7,1941,0,0,0,,0,,"ANAHEIM ST","OBISPO AV",0.00,,-,A,-,N,,,,,,,,,,N,4,0,2,3,A,-,08,22107,,N,G,B,B,A,H,-,A,A,0,Y,,,,Y,,-,,0,0,2,0,2,0,0,0,0,"- ","- ",,,"LOS ANGELES","LONG BEACH",-118.15459001000001,33.782600049999999
8096674,2016,2016-08-11,1941,2016-08-01,1607,5149,,1,5,7,1941,0,0,0,,0,,"3RD ST","CERRITOS AV",0.00,,Y,A,-,N,,,,,,,,,,N,3,0,1,2,A,-,00,21959,A,N,G,B,D,A,H,-,A,A,0,Y,,,,Y,,N,,0,1,0,0,1,0,0,0,0,"- ","- ",,,"LOS ANGELES","LONG BEACH",-118.17831003000001,33.770410089999999
8096749,2016,2016-08-11,1942,2016-08-01,1105,42123,0829,1,5,7,1942,0,0,0,H,0,8A59,"ASHTON AV","BEVERLY GLENN",0.00,,Y,A,-,N,,,,,,,,,,N,4,0,1,2,A,-,08,22107,,N,G,B,B,A,H,-,A,A,0,Y,,,,Y,,A,08,0,0,1,0,1,0,0,0,0,"- ","- ",,,"LOS ANGELES","LOS ANGELES",-118.42819,34.065910070000001
8096803,2016,2016-08-12,1941,2016-06-27,0517,10131,,1,5,7,1941,0,0,0,,0,,"LONG BEACH BL","COLUMBIA ST",0.00,,Y,A,-,N,,,,,,,,,,N,4,0,1,2,A,-,11,21456,B,N,G,B,B,A,H,-,C,A,0,Y,,,,Y,,N,,0,0,1,0,1,0,0,0,0,"- ","- ",,,"LOS ANGELES","LONG BEACH",-118.18948004000001,33.809080059999999
8096855,2016,2016-08-12,1938,2016-05-18,1421,651,212,3,5,4,1938,0,0,0,,0,003,"D ST","2ND ST",0.00,,Y,A,-,N,,,,,,,,,,N,4,0,1,2,A,-,10,21950,A,N,G,B,B,A,H,-,A,A,0,Y,,,,Y,,-,,0,0,1,0,1,0,0,0,0,"- ","- ",,,"LOS ANGELES","LA VERNE",-117.77058005000001,34.099520099999999
8097013,2016,2016-08-15,1969,2016-07-25,1125,10210,TRAFF,1,5,5,1969,0,0,0,,0,,"GARFIELD AV","FIRESTONE BL",22.00,N,N,A,-,N,,,,,,,,,,N,3,0,1,2,A,-,10,21950,A,N,G,B,B,A,H,-,A,A,0,Y,,,,Y,,D,22,0,1,0,0,1,0,0,0,0,"- ","- ",,,"LOS ANGELES","SOUTH GATE",-118.16523176,33.949148379999997
8097026,2016,2016-08-15,1942,2016-07-18,1900,41056,1249,1,5,7,1942,0,0,0,L,0,18T23,"GAGE AV","HOOVER ST",250.00,E,N,A,-,N,,,,,,,,,,N,3,0,1,2,A,-,11,21954,A,N,G,B,D,A,H,-,A,A,0,Y,,,,Y,,N,60,0,1,0,0,1,0,0,0,0,"- ","- ",,,"LOS ANGELES","LOS ANGELES",-118.28629318999999,33.98237245
8097056,2016,2016-08-12,1965,2016-07-28,1215,2606,0B3C,4,5,5,1965,0,0,0,,0,003,"OLYMPIC BL","14TH ST",10.00,W,N,A,-,N,,,,,,,,,,N,3,0,1,2,A,-,10,21950,A,N,G,B,B,A,H,-,A,A,0,Y,,,,Y,,A,01,0,1,0,0,1,0,0,0,0,"- ","- ",,,"LOS ANGELES","SANTA MONICA",-118.48068358,34.019730840000001
8097087,2016,2016-08-12,1969,2016-07-14,1513,10156,TRAFF,4,5,5,1969,0,0,0,,0,003,"SAN JUAN AV","DUANE WY",0.00,,Y,A,-,N,,,,,,,,,,N,3,0,1,2,A,-,11,21954,A,N,G,B,D,A,H,-,A,A,0,Y,,,,Y,,N,60,0,1,0,0,1,0,0,0,0,"- ","- ",,,"LOS ANGELES","SOUTH GATE",-118.20247007,33.948360059999999
8097209,2016,2016-08-15,1928,2016-08-04,0213,343,503,4,5,5,1928,0,0,0,,0,502,"EL SEGUNDO BL","JEFFERSON AV",191.00,W,N,A,-,N,,,,,,,,,,N,4,0,1,2,A,-,03,22350,,F,G,B,D,A,H,-,C,D,0,Y,,,,Y,Y,A,01,0,0,1,0,1,0,0,0,0,"- ","- ",,,"LOS ANGELES",HAWTHORNE,-118.34737835999999,33.916420000000002
8097555,2016,2016-10-04,1900,2016-07-28,2040,441896,2112,4,5,5,1943,0,0,0,,0,212D,"BIRCH ST","CESAR CHAVEZ LN",20.00,S,N,A,-,N,,,,,,,,,,N,2,0,1,2,A,-,11,21954,A,N,A,B,D,A,H,-,C,B,0,Y,,,,Y,,-,"- ",1,0,0,0,1,0,0,0,0,"- ","- ",,,"LOS ANGELES",LYNWOOD,-118.204883,33.929175000000001
8097583,2016,2016-08-15,1900,2016-07-21,1100,462141,2116,4,5,5,1943,0,0,0,,0,212TH,"LONG BEACH BL","CARLIN AV",0.00,,Y,A,-,N,,,,,,,,,,N,4,0,1,2,A,-,10,21950,A,N,G,B,B,A,H,-,A,A,0,Y,,,,Y,,A,01,0,0,1,0,1,0,0,0,0,"- ","- ",,,"LOS ANGELES",LYNWOOD,-118.2092801,33.914790089999997
8097646,2016,2016-08-16,1900,2016-08-02,1640,461713,0455,2,5,6,1949,0,0,0,,0,43T1,"ROSECRANS AV","STUDEBAKER RD",107.00,W,N,A,-,N,,,,,,,,,,N,3,0,1,2,A,-,11,21954,A,N,G,B,D,A,H,-,A,D,0,Y,,,,Y,,N,60,0,1,0,0,1,0,0,0,0,"- ","- ",,,"LOS ANGELES",NORWALK,-118.10046171,33.902048579999999
8097728,2016,2016-08-18,1900,2016-07-23,0311,524146,2911,6,5,4,1974,0,0,0,,0,293B,"AMAR RD","COUNTRY HOLLOW DR",0.00,,Y,A,-,N,,,,,,,,,,N,4,0,1,2,A,-,10,21950,A,F,G,B,B,A,H,-,C,A,0,Y,,,,Y,,D,22,0,0,1,0,1,0,0,0,0,"- ","- ",,,"LOS ANGELES",WALNUT,-117.85965007,34.03807003
8097869,2016,2016-09-27,1941,2016-07-27,2252,5572,,3,5,7,1941,0,0,0,,0,014,"LAKEWOOD BL","OUTER TRAFFIC CIR",10.00,N,N,A,-,N,,,,,,,,,,N,3,0,1,2,A,-,10,21950,A,F,G,B,B,A,H,-,C,D,0,Y,,,,Y,,-,,0,1,0,0,1,0,0,0,0,"- ","- ",,,"LOS ANGELES","LONG BEACH",-118.14272183,33.791556559999997
8098045,2016,2016-08-16,1942,2016-06-21,0830,33599,6393,2,5,7,1942,0,0,0,,0,3TL5,"LEIMERT BL","VERNON AV",0.00,,N,A,-,N,,,,,,,,,,N,4,0,1,2,A,-,11,21956,A,F,G,B,E,A,H,-,A,D,0,Y,,,,Y,,N,60,0,0,1,0,1,0,0,0,0,"- ","- ",,,"LOS ANGELES","LOS ANGELES",-118.33084005000001,34.003660099999998
8098088,2016,2016-08-19,1941,2016-08-02,2051,5954,,2,5,7,1941,0,0,0,,0,,"7TH ST","E CAMPUS DR",114.00,W,N,A,-,N,,,,,,,,,,N,2,0,1,3,C,-,18,,,N,C,B,E,A,H,-,D,D,0,Y,,,,Y,,-,"- ",1,0,0,0,1,0,0,0,0,"- ","- ",,,"LOS ANGELES","LONG BEACH",-118.1121234,33.775113070000003
8098092,2016,2016-08-19,1941,2016-08-04,2049,6308,,4,5,7,1941,0,0,0,,0,,"2ND ST","PARK AV",0.00,,Y,A,-,N,,,,,,,,,,N,3,0,1,2,A,-,10,21950,A,N,G,B,B,A,H,-,C,A,0,Y,,,,Y,,A,,0,1,0,0,1,0,0,0,0,"- ","- ",,,"LOS ANGELES","LONG BEACH",-118.13802001000001,33.76157001
8098100,2016,2016-08-19,1942,2016-08-01,1440,33294,0933,1,5,7,1942,0,0,0,I,0,35M55,"ERWIN ST","VAN NUYS BL",160.00,W,N,A,-,N,,,,,,,,,,N,4,0,1,2,A,-,10,21950,A,F,G,B,-,A,H,-,A,A,0,Y,,,,Y,,-,99,0,0,1,0,1,0,0,0,0,"- ","- ",,,"LOS ANGELES","LOS ANGELES",-118.44928809,34.183639999999997
8098104,2016,2016-08-31,1941,2016-08-05,1720,6066,,5,5,7,1941,0,0,0,,0,,"ANAHEIM ST",RAYMOND,14.00,W,N,A,-,N,,,,,,,,,,N,4,0,1,2,A,-,11,21955,,N,G,B,D,A,H,-,A,A,0,Y,,,,Y,,N,,0,0,1,0,1,0,0,0,0,"- ","- ",,,"LOS ANGELES","LONG BEACH",-118.16448597999999,33.782600000000002
8098112,2016,2016-08-19,1941,2016-08-05,2014,10680,,5,5,7,1941,0,0,0,,0,,"MYRTLE AV","HARDING ST",0.00,,Y,A,-,N,,,,,,,,,,N,4,0,1,2,D,-,00,,,N,G,B,B,A,H,-,C,A,0,Y,,,,Y,,-,"- ",0,0,1,0,1,0,0,0,0,"- ","- ",,,"LOS ANGELES","LONG BEACH",-118.18208002,33.867300110000002