CASE_ID,ACCIDENT_YEAR,PROC_DATE,JURIS,COLLISION_DATE,COLLISION_TIME,OFFICER_ID,REPORTING_DISTRICT,DAY_OF_WEEK,CHP_SHIFT,POPULATION,CNTY_CITY_LOC,SPECIAL_COND,BEAT_TYPE,CHP_BEAT_TYPE,CITY_DIVISION_LAPD,CHP_BEAT_CLASS,BEAT_NUMBER,PRIMARY_RD,SECONDARY_RD,DISTANCE,DIRECTION,INTERSECTION,WEATHER_1,WEATHER_2,STATE_HWY_IND,CALTRANS_COUNTY,CALTRANS_DISTRICT,STATE_ROUTE,ROUTE_SUFFIX,POSTMILE_PREFIX,POSTMILE,LOCATION_TYPE,RAMP_INTERSECTION,SIDE_OF_HWY,TOW_AWAY,COLLISION_SEVERITY,NUMBER_KILLED,NUMBER_INJURED,PARTY_COUNT,PRIMARY_COLL_FACTOR,PCF_CODE_OF_VIOL,PCF_VIOL_CATEGORY,PCF_VIOLATION,PCF_VIOL_SUBSECTION,HIT_AND_RUN,TYPE_OF_COLLISION,MVIW,PED_ACTION,ROAD_SURFACE,ROAD_COND_1,ROAD_COND_2,LIGHTING,CONTROL_DEVICE,CHP_ROAD_TYPE,PEDESTRIAN_ACCIDENT,BICYCLE_ACCIDENT,MOTORCYCLE_ACCIDENT,TRUCK_ACCIDENT,NOT_PRIVATE_PROPERTY,ALCOHOL_INVOLVED,STWD_VEHTYPE_AT_FAULT,CHP_VEHTYPE_AT_FAULT,COUNT_SEVERE_INJ,COUNT_VISIBLE_INJ,COUNT_COMPLAINT_PAIN,COUNT_PED_KILLED,COUNT_PED_INJURED,COUNT_BICYCLIST_KILLED,COUNT_BICYCLIST_INJURED,COUNT_MC_KILLED,COUNT_MC_INJURED,PRIMARY_RAMP,SECONDARY_RAMP,LATITUDE,LONGITUDE,COUNTY,CITY,POINT_X,POINT_Y
8098120,2016,2016-08-19,1941,2016-08-07,1430,5755,,7,5,7,1941,0,0,0,,0,009,"OCEAN BL","TEMPLE AV",0.00,,Y,A,-,N,,,,,,,,,,N,4,0,1,2,A,-,10,21950,A,F,G,B,B,A,H,-,A,A,0,Y,,,,Y,,-,99,0,0,1,0,1,0,0,0,0,"- ","- ",,,"LOS ANGELES","LONG BEACH",-118.15970000999999,33.762459999999997
8098138,2016,2016-08-17,1929,2016-08-07,2106,181,,7,5,3,1929,0,0,0,,0,,"HERMOSA AV","2ND ST",0.00,,Y,A,-,N,,,,,,,,,,N,3,0,1,2,A,-,10,21950,A,N,G,B,B,A,H,-,C,A,0,Y,,,,Y,,A,01,0,1,0,0,1,0,0,0,0,"- ","- ",,,"LOS ANGELES","HERMOSA BEACH",-118.39820009,33.854909999999997
8098150,2016,2016-08-17,1942,2016-08-07,1900,37724,1273,7,5,7,1942,0,0,0,L,0,18T23,"87TH ST","WESTERN AV",10.00,W,N,A,-,N,,,,,,,,,,Y,2,0,3,5,A,-,03,22350,,N,G,B,E,A,H,-,B,D,0,Y,,,,Y,,A,01,2,0,1,0,2,0,0,0,0,"- ","- ",,,"LOS ANGELES","LOS ANGELES",-118.30904291,33.959060000000001
8098318,2016,2016-08-19,1941,2016-08-07,1830,10683,,7,5,7,1941,0,0,0,,0,,"3RD ST","CEDAR AV",0.00,,Y,A,-,N,,,,,,,,,,N,3,0,1,2,A,-,11,21456,B,N,G,B,B,A,H,-,A,A,0,Y,,,,Y,,N,,0,1,0,0,1,0,0,0,0,"- ","- ",,,"LOS ANGELES","LONG BEACH",-118.19507005,33.770510010000002
8098332,2016,2016-08-05,1900,2016-07-27,1415,543269,,3,5,5,1943,0,0,0,,0,212K,"HARRIS AV","AGNES AV",0.00,,Y,A,-,N,,,,,,,,,,Y,4,0,1,3,A,-,08,22107,,F,B,E,E,A,H,-,A,D,0,Y,,,,Y,,A,,0,0,1,0,1,0,0,0,0,"- ","- ",,,"LOS ANGELES",LYNWOOD,-118.19534007,33.915380069999998
8098446,2016,2016-08-05,1942,2016-06-22,0930,30734,2158,3,5,7,1942,0,0,0,,0,21A73,"VARIEL AV","VICTORY BL",0.00,,Y,A,-,N,,,,,,,,,,Y,3,0,1,2,A,-,11,21950,B,N,-,B,D,A,H,-,A,-,0,Y,,,,Y,,N,60,0,1,0,0,1,0,0,0,0,"- ","- ",,,"LOS ANGELES","LOS ANGELES",-118.59276006,34.188360019999998
8098577,2016,2016-08-05,1942,2016-07-21,1930,25495,0889,4,5,7,1942,0,0,0,H,0,7T23,"GUTHRIE AV","GARTH AV",5.00,E,N,A,-,N,,,,,,,,,,N,3,0,1,2,A,-,10,21950,A,N,-,B,B,A,H,-,A,A,0,Y,,,,Y,,A,01,0,1,0,0,1,0,0,0,0,"- ","- ",,,"LOS ANGELES","LOS ANGELES",-118.37912387999999,34.040717170000001
8098586,2016,2016-08-16,1942,2016-07-21,1800,40055,1492,4,5,7,1942,0,0,0,N,0,14A76,"VISTA DEL MAR","NAPOLEON ST",1320.00,S,N,A,-,N,,,,,,,,,,N,4,0,1,2,A,-,11,21955,,N,B,B,D,A,H,-,A,A,0,Y,,,,Y,Y,N,60,0,0,1,0,1,0,0,0,0,"- ","- ",,,"LOS ANGELES","LOS ANGELES",-118.44454987,33.948634249999998
8098598,2016,2016-11-04,1942,2016-07-04,2205,1942,2034,1,5,7,1942,0,0,0,,0,20Z99,"8TH ST","IROLO ST",0.00,,Y,A,-,N,,,,,,,,,,N,4,0,1,2,A,-,08,22107,,N,G,B,B,A,H,-,C,A,0,Y,,,,Y,,A,01,0,0,1,0,1,0,0,0,0,"- ","- ",,,"LOS ANGELES","LOS ANGELES",-118.30090006,34.05773001
8098610,2016,2016-08-09,1942,2016-07-01,1015,42188,2039,5,5,7,1942,0,0,0,,0,20A53,"WILSHIRE BL","WILSHIRE PL",0.00,,Y,A,-,N,,,,,,,,,,N,4,0,1,2,A,-,09,21803,B,N,G,B,B,A,H,-,A,D,0,Y,,,,Y,,A,01,0,0,1,0,1,0,0,0,0,"- ","- ",,,"LOS ANGELES","LOS ANGELES",-118.28783006,34.061830039999997
8098611,2016,2016-12-17,1942,2016-07-10,1720,40697,1253,7,5,7,1942,0,0,0,L,0,12T73,"SLAUSON AV","RAYMOND AV",14.00,E,N,A,-,N,,,,,,,,,,Y,4,0,1,2,A,-,03,22350,,F,E,I,F,A,H,-,A,D,0,Y,,,,Y,,A,08,0,0,1,0,1,0,0,0,0,"- ","- ",,,"LOS ANGELES","LOS ANGELES",-118.29800391000001,33.989130000000003
8098613,2016,2016-08-05,1942,2016-07-13,1420,38013,0811,3,5,7,1942,0,0,0,H,0,8TL28,"CASTELLAMMARE DR","SUNSET BL",790.00,,N,A,-,N,,,,,,,,,,N,4,0,1,2,A,-,11,21956,A,N,G,B,E,A,H,-,A,D,0,Y,,,,Y,,N,60,0,0,1,0,1,0,0,0,0,"- ","- ",,,"LOS ANGELES","LOS ANGELES",-118.55463004000001,34.039550069999997
8098614,2016,2016-08-05,1942,2016-07-22,1515,40452,1487,5,5,7,1942,0,0,0,N,0,6T4,"SEPULVEDA BL","LA TIJERA BL",188.00,N,N,A,-,N,,,,,,,,,,N,3,0,1,2,A,-,11,21954,A,N,G,B,D,A,H,-,A,D,0,Y,,,,Y,,N,60,0,1,0,0,1,0,0,0,0,"- ","- ",,,"LOS ANGELES","LOS ANGELES",-118.39623,33.957755659999997
8098617,2016,2016-08-05,1942,2016-07-15,2000,37511,0838,5,5,7,1942,0,0,0,H,0,7T23,"LANDFAIR AV","GAYLEY AV",5.00,W,N,A,-,N,,,,,,,,,,N,4,0,1,2,A,-,10,21950,A,N,G,B,B,A,H,-,A,A,0,Y,,,,Y,,A,01,0,0,1,0,1,0,0,0,0,"- ","- ",,,"LOS ANGELES","LOS ANGELES",-118.45325,34.07056
8098703,2016,2017-02-24,1942,2016-07-12,1425,39022,0851,2,5,7,1942,0,0,0,H,0,8TL28,"SANTA MONICA BL","BROCKTON AV",0.00,,Y,A,-,Y,LA,7,2,-,-,2.741,I,5,E,N,4,0,1,2,D,-,00,,,N,G,B,E,A,H,-,A,A,0,Y,,,,Y,,-,"- ",0,0,1,0,1,0,0,0,0,"- ","- ",,,"LOS ANGELES","LOS ANGELES",-118.46114129999999,34.041520689999999
8098706,2016,2016-08-08,1942,2016-06-13,2200,35393,1861,1,5,7,1942,0,0,0,R,0,3T5,"116TH PL","HOOVER ST",387.00,W,N,A,-,N,,,,,,,,,,N,2,0,1,2,A,-,11,21954,A,F,G,B,D,A,H,-,C,D,0,Y,,,,Y,,N,60,1,0,0,0,1,0,0,0,0,"- ","- ",,,"LOS ANGELES","LOS ANGELES",-118.288228,33.928089
8098940,2016,2016-08-11,1900,2016-07-16,1030,270471,1418,6,5,1,1932,0,0,0,,0,141T4D,"GALE AV","PLAZA DR",0.00,,Y,A,-,N,,,,,,,,,,N,4,0,1,2,A,-,10,21950,A,N,G,B,B,A,H,-,A,A,0,Y,,,,Y,,D,22,0,0,1,0,1,0,0,0,0,"- ","- ",,,"LOS ANGELES",INDUSTRY,-117.906659,33.995502999999999
8098983,2016,2016-09-27,1975,2016-07-28,1307,353,,4,5,6,1975,0,0,0,,0,003,"SUNSET AV","RT 10",48.00,S,N,A,-,N,,,,,,,,,,Y,2,0,1,2,A,-,11,21956,A,N,G,B,D,A,H,-,A,D,0,Y,,,,Y,,N,60,1,0,0,0,1,0,0,0,0,"- ","- ",,,"LOS ANGELES","WEST COVINA",-117.93627779000001,34.072204560000003
8099011,2016,2016-08-08,1975,2016-07-21,1137,437,,4,5,6,1975,0,0,0,,0,005,"AROMA DR","AZUSA AV",406.00,E,N,A,-,N,,,,,,,,,,N,2,0,1,2,A,-,00,21956,B,N,G,B,D,A,H,-,A,D,0,Y,,,,Y,,N,60,1,0,0,0,1,0,0,0,0,"- ","- ",,,"LOS ANGELES","WEST COVINA",-117.90671647000001,34.047287650000001
8099125,2016,2016-08-10,1942,2016-07-12,2130,41704,1824,2,5,7,1942,0,0,0,R,0,18T23,"103RD ST","CENTRAL AV",30.00,W,N,A,-,N,,,,,,,,,,N,4,0,1,2,A,-,11,21954,A,N,B,B,D,A,H,-,C,A,0,Y,,,,Y,,N,60,0,0,1,0,1,0,0,0,0,"- ","- ",,,"LOS ANGELES","LOS ANGELES",-118.25420870000001,33.943271699999997
8099126,2016,2016-08-10,1942,2016-07-26,2030,36721,07,2,5,7,1942,0,0,0,G,0,7A85,"WASHINGTON BL","WEST BL",0.00,,Y,A,-,N,,,,,,,,,,N,4,0,1,2,A,-,10,21950,A,F,G,B,B,A,H,-,C,A,0,Y,,,,Y,,-,99,0,0,1,0,1,0,0,0,0,"- ","- ",,,"LOS ANGELES","LOS ANGELES",-118.33784011,34.039840030000001
8099129,2016,2016-08-10,1942,2016-07-04,0145,42017,0645,1,5,7,1942,0,0,0,F,0,6A49,"LA BREA AV","HOLLYWOOD BL",0.00,,Y,A,-,N,,,,,,,,,,N,3,0,1,2,A,-,10,21950,A,F,G,B,B,A,H,-,C,A,0,Y,,,,Y,,-,99,0,1,0,0,1,0,0,0,0,"- ","- ",,,"LOS ANGELES","LOS ANGELES",-118.34522004,34.10160011
8099145,2016,2016-08-10,1942,2016-07-21,1845,41439,1834,4,5,7,1942,0,0,0,R,0,18T23,"AVALON BL","10TH ST",107.00,N,N,A,-,N,,,,,,,,,,N,4,0,1,2,A,-,21,22106,,N,G,B,F,A,H,-,A,A,0,Y,,,,Y,,A,07,0,0,1,0,1,0,0,0,0,"- ","- ",,,"LOS ANGELES","LOS ANGELES",-118.26519999999999,33.93593345
8099150,2016,2016-08-10,1942,2016-07-17,1840,42138,0853,7,5,7,1942,0,0,0,H,0,8A29,"SANTA MONICA BL","BUTLER AV",12.00,W,N,A,-,N,,,,,,,,,,N,3,0,1,2,A,-,09,21803,B,N,G,B,B,A,H,-,A,A,0,Y,,,,Y,,A,01,0,1,0,0,1,0,0,0,0,"- ","- ",,,"LOS ANGELES","LOS ANGELES",-118.45193671,34.045477759999997
8099327,2016,2016-08-09,1942,2016-07-29,2025,37511,2071,5,5,7,1942,0,0,0,,0,7T23,"PICO BL","WESTERN AV",10.00,W,N,A,-,N,,,,,,,,,,N,3,0,1,2,A,-,10,21950,A,F,G,B,B,A,H,-,C,A,0,Y,,,,Y,,-,99,0,1,0,0,1,0,0,0,0,"- ","- ",,,"LOS ANGELES","LOS ANGELES",-118.30907295,34.047199999999997
8099455,2016,2016-08-12,1900,2016-07-29,1515,552620,1624,5,5,5,1977,0,0,0,,0,16771,"ANCHOR AV","223 RD ST",200.00,S,N,A,-,N,,,,,,,,,,N,4,0,1,2,A,-,11,21954,A,N,G,B,-,A,H,-,A,D,0,Y,,,,Y,,N,60,0,0,1,0,1,0,0,0,0,"- ","- ",,,"LOS ANGELES",CARSON,-118.26550546999999,33.823671519999998
8099872,2016,2016-09-27,1948,2016-07-31,2035,417,ALHAM,7,5,5,1948,0,0,0,,0,004,"NEWMARK AV","LINCOLN AV",98.00,W,N,A,-,N,,,,,,,,,,N,3,0,1,2,A,-,11,21956,A,N,D,B,E,A,H,-,C,D,0,Y,,,,Y,,N,60,0,1,0,0,1,0,0,0,0,"- ","- ",,,"LOS ANGELES","MONTEREY PARK",-118.12146284000001,34.059806160000001
8100039,2016,2017-04-13,1955,2016-07-31,2124,42014,0002,7,5,6,1955,0,0,0,,0,005,"REBECCA ST","8TH ST",33.00,S,N,A,-,N,,,,,,,,,,Y,2,0,1,2,A,-,01,23153,A,M,G,B,E,A,H,-,C,A,0,Y,,,,Y,Y,A,01,1,0,0,0,1,0,0,0,0,"- ","- ",,,"LOS ANGELES",POMONA,-117.75649514,34.052129639999997
8100066,2016,2016-08-11,1956,2016-07-30,1653,1312,22,6,5,5,1956,0,0,0,,0,002,"EMERALD ST","N IRENA AV",144.00,W,N,A,-,N,,,,,,,,,,N,3,0,1,2,A,-,11,21954,A,N,G,B,E,A,H,-,A,D,0,Y,,,,Y,,N,60,0,1,0,0,1,0,0,0,0,"- ","- ",,,"LOS ANGELES","REDONDO BEACH",-118.3808719,33.842349229999996
8100220,2016,2016-08-12,1955,2016-06-27,2030,42270,0031,1,5,6,1955,0,0,0,,0,002,"FOOTHILL BL","GAREY AV",56.00,W,N,A,-,N,,,,,,,,,,N,2,0,1,2,A,-,11,21954,A,N,G,B,D,A,H,-,C,A,0,Y,,,,Y,,N,60,1,0,0,0,1,0,0,0,0,"- ","- ",,,"LOS ANGELES",POMONA,-117.74854999999999,34.107889999999998
8100302,2016,2016-08-15,1942,2016-08-01,1120,41514,RD066,1,5,7,1942,0,0,0,,0,6A63,"SUNSET BL","EL CENTRO AV",0.00,,Y,A,-,N,,,,,,,,,,N,3,0,1,2,A,-,11,21950,B,N,G,B,B,A,H,-,A,A,0,Y,,,,Y,,N,60,0,1,0,0,1,0,0,0,0,"- ","- ",,,"LOS ANGELES","LOS ANGELES",-118.32374005,34.098010029999998
8100408,2016,2016-08-15,1953,2016-07-28,2219,8091,PASAD,4,5,6,1953,0,0,0,,0,005,"WASHINGTON BL","LOS ROBLES AV",0.00,,Y,A,-,N,,,,,,,,,,N,4,0,1,2,A,-,10,21950,A,N,A,B,B,A,H,-,C,A,0,Y,,,,Y,,A,01,0,0,1,0,1,0,0,0,0,"- ","- ",,,"LOS ANGELES",PASADENA,-118.14164004,34.16893005
8100417,2016,2016-08-15,1942,2016-07-30,2220,40899,1415,6,5,7,1942,0,0,0,N,0,8T35,"LINCOLN BL","SUNSET CT",14.00,S,N,A,-,N,,,,,,,,,,Y,2,0,1,2,A,-,11,21950,B,N,G,B,B,A,H,-,C,D,0,Y,,,,Y,Y,N,60,1,0,0,0,1,0,0,0,0,"- ","- ",,,"LOS ANGELES","LOS ANGELES",-118.4649696,33.999951490000001
8100474,2016,2016-08-25,1942,2016-07-30,1540,41179,2014,6,5,7,1942,0,0,0,,0,8TL28,"HOBART BL","BEVERLY BL",2.00,S,N,A,-,N,,,,,,,,,,N,4,0,1,2,A,-,12,22450,A,N,G,B,B,A,H,-,A,A,0,Y,,,,Y,,-,"- ",0,0,1,0,1,0,0,0,0,"- ","- ",,,"LOS ANGELES","LOS ANGELES",-118.30551996,34.076254509999998
8100914,2016,2016-08-16,1942,2016-07-16,0140,41636,1241,6,5,7,1942,0,0,0,L,0,12A58,"CRENSHAW BL","60TH ST",16.00,S,N,A,-,N,,,,,,,,,,N,2,0,1,2,A,-,03,22350,,F,G,B,B,A,H,-,C,A,0,Y,,,,Y,,-,99,1,0,0,0,1,0,0,0,0,"- ","- ",,,"LOS ANGELES","LOS ANGELES",-118.330868,33.985351000000001
8100936,2016,2016-08-16,1920,2016-07-17,1100,12609,,7,5,6,1920,0,0,0,,0,001,"BELLFLOWER BL","STEWART AND GRAY RD",0.00,,Y,A,-,N,,,,,,,,,,N,4,0,1,2,A,-,10,21950,A,N,G,B,B,A,H,-,A,A,0,Y,,,,Y,,A,08,0,0,1,0,1,0,0,0,0,"- ","- ",,,"LOS ANGELES",DOWNEY,-118.12545011,33.927830100000001
8100973,2016,2016-08-16,1942,2016-06-26,1830,41465,1273,7,5,7,1942,0,0,0,L,0,12X56,"WESTERN AV","87TH ST",0.00,,Y,A,-,N,,,,,,,,,,N,2,0,1,2,A,-,11,21953,,N,G,B,D,A,H,-,A,D,0,Y,,,,Y,,A,01,1,0,0,0,1,0,0,0,0,"- ","- ",,,"LOS ANGELES","LOS ANGELES",-118.30901,33.959060000000001
8100990,2016,2016-08-16,1920,2016-06-30,0756,12323,,4,5,6,1920,0,0,0,,0,006,"ALAMEDA ST","BROOKSHIRE AV",15.00,W,N,A,-,N,,,,,,,,,,N,3,0,1,2,A,-,10,21950,A,N,G,B,B,A,H,-,A,A,0,Y,,,,Y,,A,01,0,1,0,0,1,0,0,0,0,"- ","- ",,,"LOS ANGELES",DOWNEY,-118.13863374,33.926309029999999
8101207,2016,2016-08-17,1942,2016-07-15,1445,41772,1585,5,5,7,1942,0,0,0,O,0,15A39,"LANKERSHIM BLVD","CAHUENGA BL",85.00,S,N,A,-,N,,,,,,,,,,N,4,0,1,2,A,-,11,21954,A,N,B,B,E,A,H,-,A,A,0,Y,,,,Y,,N,60,0,0,1,0,1,0,0,0,0,"- ","- ",,,"LOS ANGELES","LOS ANGELES",-118.36348031999999,34.137021560000001
8101235,2016,2016-08-19,1942,2016-07-15,1120,40165,1551,5,5,7,1942,0,0,0,O,0,10TL39,"LAUREL CANYON BL","RIVERSIDE DR",0.00,,Y,A,-,N,,,,,,,,,,Y,2,0,1,2,A,-,10,21950,A,N,G,B,B,A,H,-,A,A,0,Y,,,,Y,,A,01,1,0,0,0,1,0,0,0,0,"- ","- ",,,"LOS ANGELES","LOS ANGELES",-118.39649003,34.157620039999998
8101402,2016,2016-08-18,1942,2016-07-27,2050,41160,RD104,3,5,7,1942,0,0,0,,0,10X94,"ZELZAH AV","KILLION ST",0.00,,Y,A,-,N,,,,,,,,,,,2,0,1,2,A,-,08,22107,,F,G,B,B,B,H,-,C,A,0,Y,,,,Y,,-,99,1,0,0,0,1,0,0,0,0,"- ","- ",,,"LOS ANGELES","LOS ANGELES",-118.5220501,34.170870039999997
8101406,2016,2016-08-18,1942,2016-07-31,0205,38832,1067,7,5,7,1942,0,0,0,J,0,10U1,"VENTURA BL","LOUISE AV",500.00,E,N,A,-,N,,,,,,,,,,N,4,0,1,2,A,-,10,21950,A,F,G,B,C,A,H,-,C,A,0,Y,,,,Y,,-,99,0,0,1,0,1,0,0,0,0,"- ","- ",,,"LOS ANGELES","LOS ANGELES",-118.50817351000001,34.160611299999999
8101470,2016,2016-08-17,1942,2016-08-04,1120,38613,2147,4,5,7,1942,0,0,0,,0,19T74,"SHERMAN WY","LURLINE AV",15.00,E,N,-,-,N,,,,,,,,,,N,4,0,1,2,A,-,12,21453,A,F,G,B,B,-,-,-,-,A,0,Y,,,,Y,,A,01,0,0,1,0,1,0,0,0,0,"- ","- ",,,"LOS ANGELES","LOS ANGELES",-118.58409048,34.201110700000001
8101479,2016,2016-08-18,1942,2016-07-12,1245,38285,1745,2,5,7,1942,0,0,0,Q,0,16TL28,"ZELZAH AV","HIAWATHA ST",5.00,N,N,A,-,N,,,,,,,,,,N,2,0,1,2,A,-,10,21950,C,N,G,B,B,A,H,-,A,A,0,Y,,,,Y,,A,01,1,0,0,0,1,0,0,0,0,"- ","- ",,,"LOS ANGELES","LOS ANGELES",-118.52333,34.259073720000004
8101504,2016,2016-08-18,1942,2016-07-18,0525,40639,1794,1,5,7,1942,0,0,0,Q,0,17A23,"ROSCOE BL","LINDLEY AV",0.00,,Y,A,-,N,,,,,,,,,,N,2,0,1,2,A,-,10,21950,A,N,G,B,B,A,H,-,A,A,0,Y,,,,Y,,A,01,1,0,0,0,1,0,0,0,0,"- ","- ",,,"LOS ANGELES","LOS ANGELES",-118.52736007999999,34.220850110000001
8101506,2016,2016-09-02,1942,2016-08-04,1425,26319,1982,4,5,7,1942,0,0,0,,0,19T74,"COLUMBUS AV","PARTHENIA ST",0.00,,Y,A,-,N,,,,,,,,,,N,3,0,1,2,A,-,10,21950,A,F,G,B,B,A,H,-,A,A,0,Y,,,,Y,,-,99,0,1,0,0,1,0,0,0,0,"- ","- ",,,"LOS ANGELES","LOS ANGELES",-118.46543010000001,34.228260030000001
8101520,2016,2016-08-18,1942,2016-07-12,1905,38765,1745,2,5,7,1942,0,0,0,Q,0,17X82,"CHATSWORTH ST","ZELZAH AV",50.00,W,N,A,-,N,,,,,,,,,,N,4,0,1,2,B,-,22,,,N,G,B,F,A,H,-,A,D,0,Y,,,,Y,,-,"- ",0,0,1,0,1,0,0,0,0,"- ","- ",,,"LOS ANGELES","LOS ANGELES",-118.52357502,34.264906349999997
8101817,2016,2016-08-22,1900,2016-06-29,1855,546589,2611,3,5,6,1950,0,0,0,,0,263T1,"6TH ST EAST","AVE Q-9",445.00,S,N,A,-,N,,,,,,,,,,N,2,0,1,2,A,-,21,22106,,F,G,B,F,A,H,-,A,D,0,Y,,,,Y,,D,22,1,0,0,0,1,0,0,0,0,"- ","- ",,,"LOS ANGELES",PALMDALE,-118.11791069,34.57760889
8101929,2016,2016-08-09,1942,2016-06-25,1555,38600,0526,6,5,7,1942,0,0,0,E,0,5X64,"FRIES AV","I ST",0.00,,Y,A,-,N,,,,,,,,,,N,4,0,1,2,A,-,21,22106,,N,G,B,B,A,H,-,A,D,0,Y,,,,Y,,A,01,0,0,1,0,1,0,0,0,0,"- ","- ",,,"LOS ANGELES","LOS ANGELES",-118.26496013000001,33.780830090000002
8101936,2016,2016-08-24,1942,2016-06-18,2245,41060,1877,6,5,7,1942,0,0,0,R,0,18A17,"BROADWAY BL","CENTURY BL",6.00,N,N,A,-,N,,,,,,,,,,N,3,0,1,2,A,-,10,21950,A,N,A,G,B,A,H,-,C,A,0,Y,,,,Y,,A,01,0,1,0,0,1,0,0,0,0,"- ","- ",,,"LOS ANGELES","LOS ANGELES",-118.27839,33.945566460000002
8101940,2016,2016-08-09,1942,2016-06-12,1905,26539,1842,7,5,7,1942,0,0,0,R,0,1802,"W 109TH PL","FIGUEROA ST",200.00,E,N,A,-,N,,,,,,,,,,N,3,0,1,2,A,-,11,21954,A,N,G,B,E,A,H,-,A,D,0,Y,,,,Y,,-,"- ",0,1,0,0,1,0,0,0,0,"- ","- ",,,"LOS ANGELES","LOS ANGELES",-118.28196192,33.936490139999997
8101943,2016,2016-08-09,1942,2016-06-07,1715,25974,1803,2,5,7,1942,0,0,0,R,0,18A41,"95TH ST","AVALON BL",50.00,W,N,A,-,N,,,,,,,,,,N,4,0,1,5,A,-,21,22106,,N,C,E,E,A,H,-,A,D,0,Y,,,,Y,,A,08,0,0,1,0,1,0,0,0,0,"- ","- ",,,"LOS ANGELES","LOS ANGELES",-118.2653244,33.950224329999998
8101958,2016,2016-08-05,1942,2016-06-19,1448,42201,583,7,5,7,1942,0,0,0,,0,5A85,"ALMA ST","HAMILTON AV",50.00,S,N,A,-,N,,,,,,,,,,N,4,0,1,3,A,-,07,21658,A,N,B,B,E,A,H,-,A,D,0,Y,,,,Y,,A,01,0,0,1,0,1,0,0,0,0,"- ","- ",,,"LOS ANGELES","LOS ANGELES",-118.29909843,33.719643900000001
8101963,2016,2016-08-05,1942,2016-06-12,1200,42201,0521,7,5,7,1942,0,0,0,E,0,5A85,"N GAFFEY ST","CAPITAL ST",100.00,E,N,A,-,N,,,,,,,,,,N,4,0,1,2,B,-,22,,,N,G,B,F,A,H,-,A,D,0,Y,,,,Y,,A,01,0,0,1,0,1,0,0,0,0,"- ","- ",,,"LOS ANGELES","LOS ANGELES",-118.29254589999999,33.758859489999999
8101966,2016,2016-08-05,1942,2016-06-15,1640,41853,585,3,5,7,1942,0,0,0,,0,5A12,"17TH ST",GAFFEY,0.00,,Y,A,-,N,,,,,,,,,,N,4,0,1,2,A,-,10,21950,A,N,G,B,B,A,H,-,A,A,0,Y,,,,Y,,A,01,0,0,1,0,1,0,0,0,0,"- ","- ",,,"LOS ANGELES","LOS ANGELES",-118.29239004,33.728800020000001
8102014,2016,2016-08-05,1942,2016-06-15,1900,39970,563,3,5,7,1942,0,0,0,,0,3A85,"11TH ST","GRAND AV",6.00,W,N,A,-,N,,,,,,,,,,N,4,0,1,2,A,-,10,21950,A,N,D,B,B,A,H,-,A,A,0,Y,,,,Y,,A,01,0,0,1,0,1,0,0,0,0,"- ","- ",,,"LOS ANGELES","LOS ANGELES",-118.29020969,33.734249820000002
8102105,2016,2016-08-08,1942,2016-07-16,1420,37700,1494,6,5,7,1942,0,0,0,N,0,20TL56,"WORLD WAY SOUTH","EAST WY",300.00,W,N,A,-,N,,,,,,,,,,N,4,0,1,2,A,-,10,21950,A,N,G,B,C,A,H,-,A,A,0,Y,,,,Y,,A,08,0,0,1,0,1,0,0,0,0,"- ","- ",,,"LOS ANGELES","LOS ANGELES",-118.40271018999999,33.943071410000002
8102109,2016,2016-08-08,1942,2016-07-16,1305,40452,1426,6,5,7,1942,0,0,0,N,0,14TL52,"SAWTELLE BL","NATIONAL BL",175.00,N,N,A,-,N,,,,,,,,,,N,3,0,1,2,A,-,21,22106,,N,G,B,E,A,H,-,A,D,0,Y,,,,Y,,A,01,0,1,0,0,1,0,0,0,0,"- ","- ",,,"LOS ANGELES","LOS ANGELES",-118.43174583,34.026645979999998
8102346,2016,2016-08-11,1942,2016-06-08,1825,37724,0399,3,5,7,1942,0,0,0,C,0,18T23,"FIGUEROA ST","43RD ST",0.00,,Y,A,-,N,,,,,,,,,,N,4,0,1,2,A,-,11,21956,A,F,G,B,E,A,H,-,A,A,0,Y,,,,Y,,N,60,0,0,1,0,1,0,0,0,0,"- ","- ",,,"LOS ANGELES","LOS ANGELES",-118.28274011000001,34.005580049999999
8102347,2016,2016-08-12,1942,2016-06-03,0420,37724,0315,5,5,7,1942,0,0,0,C,0,18T23,"ADAMS BL","ARLINGTON AV",5.00,E,N,A,-,N,,,,,,,,,,N,3,0,1,2,A,-,10,21950,A,N,G,B,B,A,H,-,C,A,0,Y,,,,Y,,A,08,0,1,0,0,1,0,0,0,0,"- ","- ",,,"LOS ANGELES","LOS ANGELES",-118.31766353,34.032640000000001
8102351,2016,2017-02-04,1942,2016-06-22,0440,37306,1215,3,5,7,1942,0,0,0,L,0,,SLAUSON,"RT 110",0.00,,Y,A,-,Y,LA,7,110,-,-,17.877,R,4,S,N,4,0,1,2,A,-,08,22107,,F,G,B,B,A,H,-,C,A,0,Y,,,,Y,,-,99,0,0,1,0,1,0,0,0,0,"- ","- ",,,"LOS ANGELES","LOS ANGELES",-118.28061820000001,33.98775423
8102689,2016,2016-09-02,1947,2016-07-12,1653,1252,,2,5,5,1947,0,0,0,,0,00B,"N VAIL AV","CLEVELAND AV",7.00,S,N,A,-,N,,,,,,,,,,N,3,0,1,2,A,-,10,21950,A,N,G,B,B,A,H,-,A,D,0,Y,,,,Y,,A,01,0,1,0,0,1,0,0,0,0,"- ","- ",34.01426,-118.1186,"LOS ANGELES",MONTEBELLO,-118.11870571,34.0142314