CASE_ID,ACCIDENT_YEAR,PROC_DATE,JURIS,COLLISION_DATE,COLLISION_TIME,OFFICER_ID,REPORTING_DISTRICT,DAY_OF_WEEK,CHP_SHIFT,POPULATION,CNTY_CITY_LOC,SPECIAL_COND,BEAT_TYPE,CHP_BEAT_TYPE,CITY_DIVISION_LAPD,CHP_BEAT_CLASS,BEAT_NUMBER,PRIMARY_RD,SECONDARY_RD,DISTANCE,DIRECTION,INTERSECTION,WEATHER_1,WEATHER_2,STATE_HWY_IND,CALTRANS_COUNTY,CALTRANS_DISTRICT,STATE_ROUTE,ROUTE_SUFFIX,POSTMILE_PREFIX,POSTMILE,LOCATION_TYPE,RAMP_INTERSECTION,SIDE_OF_HWY,TOW_AWAY,COLLISION_SEVERITY,NUMBER_KILLED,NUMBER_INJURED,PARTY_COUNT,PRIMARY_COLL_FACTOR,PCF_CODE_OF_VIOL,PCF_VIOL_CATEGORY,PCF_VIOLATION,PCF_VIOL_SUBSECTION,HIT_AND_RUN,TYPE_OF_COLLISION,MVIW,PED_ACTION,ROAD_SURFACE,ROAD_COND_1,ROAD_COND_2,LIGHTING,CONTROL_DEVICE,CHP_ROAD_TYPE,PEDESTRIAN_ACCIDENT,BICYCLE_ACCIDENT,MOTORCYCLE_ACCIDENT,TRUCK_ACCIDENT,NOT_PRIVATE_PROPERTY,ALCOHOL_INVOLVED,STWD_VEHTYPE_AT_FAULT,CHP_VEHTYPE_AT_FAULT,COUNT_SEVERE_INJ,COUNT_VISIBLE_INJ,COUNT_COMPLAINT_PAIN,COUNT_PED_KILLED,COUNT_PED_INJURED,COUNT_BICYCLIST_KILLED,COUNT_BICYCLIST_INJURED,COUNT_MC_KILLED,COUNT_MC_INJURED,PRIMARY_RAMP,SECONDARY_RAMP,LATITUDE,LONGITUDE,COUNTY,CITY,POINT_X,POINT_Y
8110930,2016,2017-04-01,1942,2016-08-10,0330,39299,0513,3,5,7,1942,0,0,0,E,0,14T47,"PACIFIC COAST HWY","FIGUEROA PL",114.00,W,N,A,-,Y,LA,7,1,-,-,11.680,H,-,S,N,2,0,1,2,A,-,11,21954,A,N,G,B,D,A,H,-,C,D,0,Y,,,,Y,,N,60,1,0,0,0,1,0,0,0,0,"- ","- ",,,"LOS ANGELES","LOS ANGELES",-118.28335932,33.790653079999998
8110985,2016,2016-08-30,1900,2016-08-11,0650,520027,2840,4,5,5,1915,0,0,0,,0,282T1,"MYRRH ST","TAMARIND AV",2.00,W,N,A,-,N,,,,,,,,,,N,3,0,1,2,A,-,10,21950,A,N,D,B,B,A,H,-,A,D,0,Y,,,,Y,,A,01,0,1,0,0,1,0,0,0,0,"- ","- ",,,"LOS ANGELES",COMPTON,-118.22179657,33.892369690000002
8111120,2016,2016-08-30,1900,2016-08-08,1916,546182,1122,1,5,6,1992,0,0,0,,0,112T2,"AVENUE J","SIERRA HWY",105.00,W,N,A,-,N,,,,,,,,,,N,3,0,1,2,A,-,11,21954,A,N,G,B,D,A,H,-,B,D,0,Y,,,,Y,,N,60,0,1,0,0,1,0,0,0,0,"- ","- ",,,"LOS ANGELES",LANCASTER,-118.13571855000001,34.689430000000002
8111123,2016,2016-08-30,1942,2016-08-03,1200,42188,2055,3,5,7,1942,0,0,0,,0,20A,"FEDORA ST","OLYMPIC BL",0.00,,Y,A,-,N,,,,,,,,,,N,3,0,1,2,A,-,08,22107,,N,G,B,B,A,H,-,A,A,0,Y,,,,Y,,A,01,0,1,0,0,1,0,0,0,0,"- ","- ",,,"LOS ANGELES","LOS ANGELES",-118.29791013000001,34.052650120000003
8111140,2016,2016-08-30,1942,2016-08-17,0900,41438,0835,3,5,7,1942,0,0,0,H,0,6A79,"MIDVALE AV","MISSOURI AV",300.00,S,N,A,-,N,,,,,,,,,,N,4,0,1,3,A,-,07,21658,A,N,B,B,E,A,H,-,A,D,0,Y,,,,Y,,A,01,0,0,1,0,1,0,0,0,0,"- ","- ",,,"LOS ANGELES","LOS ANGELES",-118.43579257,34.046986179999998
8111144,2016,2016-08-30,1942,2016-08-14,0115,42407,853,7,5,7,1942,0,0,0,,0,8A95,"SANTA MONICA BL","SAWTELLE BL",0.00,,Y,A,-,N,,,,,,,,,,N,4,0,2,3,A,-,10,21950,A,F,A,B,B,A,H,-,C,A,0,Y,,,,Y,,-,99,0,0,2,0,2,0,0,0,0,"- ","- ",,,"LOS ANGELES","LOS ANGELES",-118.44843006000001,34.046490009999999
8111159,2016,2016-08-30,1942,2016-08-01,0800,08906,1494,1,5,7,1942,0,0,0,N,0,5M37,"WORLD WY","EAST WY",440.00,E,N,A,-,N,,,,,,,,,,N,4,0,1,2,A,-,11,21954,A,N,G,B,E,A,H,-,A,-,0,Y,,,,Y,,N,60,0,0,1,0,1,0,0,0,0,"- ","- ",,,"LOS ANGELES","LOS ANGELES",-118.40269714,33.945282120000002
8111175,2016,2016-08-30,1942,2016-08-03,1130,37857,2034,3,5,7,1942,0,0,0,,0,20A71,"WILSHIRE BL","KINGSLEY DR",0.00,,Y,A,-,N,,,,,,,,,,N,4,0,1,2,A,-,09,21801,A,N,G,B,B,A,H,-,A,A,0,Y,,,,Y,,A,01,0,0,1,0,1,0,0,0,0,"- ","- ",,,"LOS ANGELES","LOS ANGELES",-118.30312013,34.06173012
8111177,2016,2016-09-01,1900,2016-08-15,0800,516681,2812,1,5,5,1915,0,0,0,,0,282T1,"WILMINGTON AV","STOCKWELL ST",5.00,N,N,A,-,N,,,,,,,,,,N,4,0,1,2,D,-,00,,,N,A,B,B,A,H,-,A,A,0,Y,,,,Y,,-,"- ",0,0,1,0,1,0,0,0,0,"- ","- ",,,"LOS ANGELES",COMPTON,-118.23915968999999,33.909053710000002
8111180,2016,2016-08-30,1942,2016-08-12,2100,39306,0737,5,5,7,1942,0,0,0,G,0,7A33W3,"LA BREA AV","6TH ST",0.00,,Y,A,-,N,,,,,,,,,,N,4,0,1,2,A,-,10,21950,A,N,B,B,B,A,H,-,C,A,0,Y,,,,Y,,A,01,0,0,1,0,1,0,0,0,0,"- ","- ",,,"LOS ANGELES","LOS ANGELES",-118.34402007,34.064910009999998
8111187,2016,2016-08-30,1942,2016-08-11,2124,42129,1437,4,5,7,1942,0,0,0,N,0,14A27,"TULLER AV","VENICE BL",200.00,N,N,A,-,N,,,,,,,,,,N,4,0,1,2,D,-,00,,,N,G,B,E,A,H,-,B,D,0,Y,,,,Y,,-,"- ",0,0,1,0,1,0,0,0,0,"- ","- ",,,"LOS ANGELES","LOS ANGELES",-118.4184645,34.012956940000002
8111316,2016,2016-08-30,1900,2016-07-28,0545,540658,1135,4,5,6,1992,0,0,0,,0,112T2,"20TH ST E","NUGENT ST",98.00,S,N,A,-,N,,,,,,,,,,N,3,0,1,2,A,-,11,21956,A,N,G,B,E,A,H,-,B,D,0,Y,,,,Y,,N,60,0,1,0,0,1,0,0,0,0,"- ","- ",,,"LOS ANGELES",LANCASTER,-118.09478,34.692991300000003
8111348,2016,2016-08-30,1900,2016-07-28,2116,602372,1127,4,5,6,1992,0,0,0,,0,111T1,"AVENUE J-8","47TH ST WEST",0.00,,Y,A,-,N,,,,,,,,,,N,3,0,1,2,A,-,11,21950,B,N,G,B,D,A,H,-,E,D,0,Y,,,,Y,,N,60,0,1,0,0,1,0,0,0,0,"- ","- ",,,"LOS ANGELES",LANCASTER,-118.21465003,34.682130010000002
8111366,2016,2016-08-30,1942,2016-07-23,1235,40869,0326,6,5,7,1942,0,0,0,C,0,2SEL2,"ADAMS BL","BUDLONG AV",13.00,S,N,A,-,N,,,,,,,,,,N,2,0,1,2,A,-,11,21950,B,N,G,-,B,A,H,-,A,A,0,Y,,,,Y,,N,60,1,0,0,0,1,0,0,0,0,"- ","- ",,,"LOS ANGELES","LOS ANGELES",-118.29642,34.032760000000003
8111402,2016,2016-08-30,1900,2016-07-17,2000,602372,1135,7,5,6,1992,0,0,0,,0,111T1,"AVENUE I","17TH ST EAST",20.00,W,N,A,-,N,,,,,,,,,,N,2,0,1,2,A,-,11,21950,B,N,G,B,D,A,H,-,C,D,0,Y,,,,Y,,N,60,1,0,0,0,1,0,0,0,0,"- ","- ",,,"LOS ANGELES",LANCASTER,-118.09936639999999,34.704230000000003
8111413,2016,2016-08-30,1942,2016-07-09,0040,41761,0701,6,5,7,1942,0,0,0,G,0,7A22,"N LAUREL ST","ROSEWOOD AV",0.00,,Y,A,-,N,,,,,,,,,,N,3,0,1,2,A,-,12,22450,A,N,G,B,D,A,H,-,C,A,0,Y,,,,Y,,A,01,0,1,0,0,1,0,0,0,0,"- ","- ",,,"LOS ANGELES","LOS ANGELES",-118.36482004,34.080160050000003
8111429,2016,2016-08-30,1942,2016-07-01,2110,40820,0628,5,5,7,1942,0,0,0,F,0,6A31,"CHEREMOYA AV","FRANKLIN AV",7.00,N,N,A,-,N,,,,,,,,,,N,4,0,1,2,A,-,10,21950,A,N,G,B,B,A,H,-,C,A,0,Y,,,,Y,,A,01,0,0,1,0,1,0,0,0,0,"- ","- ",,,"LOS ANGELES","LOS ANGELES",-118.32046009,34.105259199999999
8111433,2016,2016-08-30,1942,2016-07-19,0900,42295,0625,2,5,7,1942,0,0,0,F,0,6A31,"HIGHLAND AV","CAMROSE DR",0.00,,Y,A,-,N,,,,,,,,,,N,3,0,1,2,A,-,10,21950,A,N,G,B,B,A,H,-,A,A,0,Y,,,,Y,,A,01,0,1,0,0,1,0,0,0,0,"- ","- ",,,"LOS ANGELES","LOS ANGELES",-118.33712002,34.108240039999998
8111521,2016,2016-09-01,1942,2016-08-07,2330,41917,1256,7,5,7,1942,0,0,0,L,0,18T23,"HOOVER ST","FLORENCE AV",50.00,N,N,A,-,N,,,,,,,,,,Y,4,0,2,3,B,-,22,,,N,C,B,F,A,H,-,C,D,0,Y,,,,Y,Y,A,01,0,0,2,0,2,0,0,0,0,"- ","- ",,,"LOS ANGELES","LOS ANGELES",-118.28711,33.97477713
8111524,2016,2016-08-31,1942,2016-08-09,1245,31476,0157,2,5,7,1942,0,0,0,A,0,4TL43,"SAN PEDRO ST","6TH ST",22.00,N,N,A,-,N,,,,,,,,,,N,3,0,1,2,A,-,11,21954,A,N,A,B,D,A,H,-,A,A,0,Y,,,,Y,Y,N,60,0,1,0,0,1,0,0,0,0,"- ","- ",,,"LOS ANGELES","LOS ANGELES",-118.24523213000001,34.042311439999999
8111531,2016,2016-08-31,1942,2016-08-08,2010,25495,1183,1,5,7,1942,0,0,0,K,0,7T23,"GLENDALE BL","BERKELEY AV",55.00,S,N,A,-,N,,,,,,,,,,N,2,0,1,2,A,-,11,21954,A,N,G,B,D,A,H,-,C,A,0,Y,,,,Y,,N,60,1,0,0,0,1,0,0,0,0,"- ","- ",,,"LOS ANGELES","LOS ANGELES",-118.26010766,34.083399300000004
8111532,2016,2016-08-31,1942,2016-08-07,0200,41436,0182,7,5,7,1942,0,0,0,A,0,1A85,"S GRAND AV","W OLYMPIC BL",0.00,,Y,A,-,N,,,,,,,,,,Y,4,0,2,3,A,-,10,21950,A,F,B,B,B,A,H,-,C,A,0,Y,,,,Y,,A,01,0,0,2,0,2,0,0,0,0,"- ","- ",,,"LOS ANGELES","LOS ANGELES",-118.26060999000001,34.043030100000003
8111537,2016,2016-08-31,1942,2016-08-20,2150,37807,1821,6,5,7,1942,0,0,0,R,0,5TL21,"CENTURY BL","HOOVER ST",185.00,E,N,A,-,N,,,,,,,,,,Y,2,0,1,2,A,-,11,21956,A,N,G,B,D,A,H,-,C,D,0,Y,,,,Y,,N,60,1,0,0,0,1,0,0,0,0,"- ","- ",,,"LOS ANGELES","LOS ANGELES",-118.28636121,33.945510229999996
8111541,2016,2016-08-31,1942,2016-08-21,1735,41169,1257,7,5,7,1942,0,0,0,L,0,12X4W7,"77TH ST",FIGUEROA,200.00,W,N,A,-,N,,,,,,,,,,N,2,0,1,2,A,-,11,21954,A,N,G,B,D,A,H,-,A,D,0,Y,,,,Y,,N,60,1,0,0,0,1,0,0,0,0,"- ","- ",,,"LOS ANGELES","LOS ANGELES",-118.28337818,33.969788180000002
8111544,2016,2016-08-31,1942,2016-08-20,2330,40325,0162,6,5,7,1942,0,0,0,A,0,11T21,"HOPE ST","7TH ST",175.00,S,N,A,-,N,,,,,,,,,,N,3,0,1,2,A,-,11,21955,,N,G,B,D,A,H,-,C,A,0,Y,,,,Y,Y,N,60,0,1,0,0,1,0,0,0,0,"- ","- ",,,"LOS ANGELES","LOS ANGELES",-118.25804257,34.047616849999997
8111562,2016,2016-09-01,1942,2016-08-17,0905,37398,0105,3,5,7,1942,0,0,0,A,0,11T32,SOLANO,"N BROADWAY",0.00,,Y,A,-,N,,,,,,,,,,N,4,0,1,2,A,-,10,21950,A,N,D,B,B,A,H,-,A,A,0,Y,,,,Y,,A,01,0,0,1,0,1,0,0,0,0,"- ","- ",,,"LOS ANGELES","LOS ANGELES",-118.23016011,34.071000120000001
8111567,2016,2016-08-31,1942,2016-08-19,0715,40592,1137,5,5,7,1942,0,0,0,K,0,11T25,"ALDAMA ST","AVENUE 56",0.00,,Y,A,-,N,,,,,,,,,,N,4,0,1,2,A,-,09,21802,A,N,G,B,B,A,H,-,A,A,0,Y,,,,Y,,A,01,0,0,1,0,1,0,0,0,0,"- ","- ",,,"LOS ANGELES","LOS ANGELES",-118.19779010000001,34.113920040000004
8111584,2016,2016-08-31,1942,2016-08-19,0900,41307,0132,5,5,7,1942,0,0,0,A,0,1A61,FIGUEROA,"2ND ST",12.00,E,N,A,-,N,,,,,,,,,,N,4,0,1,2,A,-,10,21950,A,N,G,B,B,A,H,-,A,A,0,Y,,,,Y,,A,01,0,0,1,0,1,0,0,0,0,"- ","- ",,,"LOS ANGELES","LOS ANGELES",-118.25309471,34.056575289999998
8111586,2016,2016-11-02,1942,2016-08-16,0815,39010,1184,2,5,7,1942,0,0,0,K,0,11TL21,"SUTHERLAND ST","SUNSET BL",84.00,N,N,A,-,N,,,,,,,,,,Y,3,0,1,3,A,-,00,22518,A,N,B,B,E,A,H,-,A,D,0,Y,,,,Y,,N,60,0,1,0,0,1,0,0,0,0,"- ","- ",,,"LOS ANGELES","LOS ANGELES",-118.25337227,34.075294380000003
8111595,2016,2016-08-31,1942,2016-08-09,2305,41463,111,2,5,7,1942,0,0,0,K,0,1X27,"HILL ST","ALPINE ST",0.00,,Y,A,-,N,,,,,,,,,,N,3,0,1,2,A,-,03,22350,,F,A,B,B,A,H,-,C,A,0,Y,,,,Y,,-,99,0,1,0,0,1,0,0,0,0,"- ","- ",,,"LOS ANGELES","LOS ANGELES",-118.23957007999999,34.062770110000002
8111700,2016,2016-08-31,1942,2016-07-18,2025,41183,0645,1,5,7,1942,0,0,0,F,0,6FB26,"HOLLYWOOD BL",MCCADDEN,0.00,,Y,A,-,N,,,,,,,,,,N,4,0,2,2,A,-,10,21950,A,N,D,B,B,A,H,-,B,D,0,Y,Y,,,Y,,L,04,0,0,2,0,1,0,1,0,0,"- ","- ",,,"LOS ANGELES","LOS ANGELES",-118.33744003,34.101550080000003
8111732,2016,2016-09-01,1942,2016-07-16,2240,41210,2005,6,5,7,1942,0,0,0,,0,7T23,"BEVERLY BL","ARDMORE AV",30.00,E,N,A,-,N,,,,,,,,,,N,4,0,1,2,A,-,11,21954,A,N,G,B,D,A,H,-,C,D,0,Y,,,,Y,,N,60,0,0,1,0,1,0,0,0,0,"- ","- ",,,"LOS ANGELES","LOS ANGELES",-118.30223117,34.076282409999997
8111736,2016,2016-09-01,1942,2016-07-21,1415,40260,677,4,5,7,1942,0,0,0,,0,6A31,"WESTERN AV","LEMON GROVE AV",0.00,,Y,A,-,N,,,,,,,,,,N,4,0,1,2,A,-,10,21950,A,N,G,B,B,A,H,-,A,A,0,Y,,,,Y,,A,07,0,0,1,0,1,0,0,0,0,"- ","- ",,,"LOS ANGELES","LOS ANGELES",-118.30916008,34.086670040000001
8111760,2016,2016-09-01,1942,2016-07-26,1030,39027,2035,2,5,7,1942,0,0,0,,0,20A1,"6TH ST","NEW HAMPSHIRE AV",4.00,W,N,A,-,N,,,,,,,,,,N,3,0,1,2,A,-,03,22350,,F,G,B,E,A,D,-,A,D,0,Y,,,,Y,,-,99,0,1,0,0,1,0,0,0,0,"- ","- ",,,"LOS ANGELES","LOS ANGELES",-118.29291318,34.063619789999997
8111761,2016,2016-09-01,1942,2016-07-22,1825,41797,0245,5,5,7,1942,0,0,0,B,0,2A68,ALVARADO,"WILSHIRE BL",2.00,N,N,A,-,N,,,,,,,,,,N,3,0,1,2,A,-,09,21801,A,N,A,B,B,A,H,-,A,A,0,Y,,Y,,Y,,C,02,0,1,0,0,1,0,0,0,0,"- ","- ",,,"LOS ANGELES","LOS ANGELES",-118.27586694999999,34.057944859999999
8111768,2016,2016-08-31,1942,2016-06-26,0333,37006,0645,7,5,7,1942,0,0,0,F,0,6A77,"SUNSET BL","LA BREA AV",77.00,E,N,A,-,N,,,,,,,,,,Y,3,0,1,2,C,-,18,,,N,G,B,E,A,H,-,C,D,0,Y,,,,Y,,-,"- ",0,1,0,0,1,0,0,0,0,"- ","- ",,,"LOS ANGELES","LOS ANGELES",-118.34388617,34.097976750000001
8111783,2016,2016-09-01,1942,2016-06-29,1805,41986,0341,3,5,7,1942,0,0,0,C,0,4203,"LA CIENEGA BL","RODEO RD",5.00,N,N,A,-,N,,,,,,,,,,N,4,0,1,2,A,-,10,21950,A,N,G,B,B,A,H,-,A,A,0,Y,,,,Y,,A,01,0,0,1,0,1,0,0,0,0,"- ","- ",,,"LOS ANGELES","LOS ANGELES",-118.37235945,34.02171371
8111789,2016,2016-09-01,1920,2016-07-31,2011,12323,,7,5,6,1920,0,0,0,,0,001,"FIRESTONE BL","WOODRUFF AV",66.00,W,N,A,-,N,,,,,,,,,,N,4,0,1,2,A,-,11,21954,A,N,G,B,D,A,H,-,C,A,0,Y,,,,Y,Y,N,60,0,0,1,0,1,0,0,0,0,"- ","- ",,,"LOS ANGELES",DOWNEY,-118.11805615999999,33.932523140000001
8111808,2016,2016-09-01,1942,2016-06-14,2020,38233,1105,2,5,7,1942,0,0,0,K,0,2T15W3,"W BROADWAY","EL VERANO AV",132.00,W,N,A,-,N,,,,,,,,,,Y,3,0,1,2,A,-,11,21954,A,N,G,B,D,A,-,-,C,A,0,Y,,,,Y,,N,60,0,1,0,0,1,0,0,0,0,"- ","- ",,,"LOS ANGELES","LOS ANGELES",-118.22601313,34.143949829999997
8111839,2016,2016-09-01,1942,2016-06-30,1050,37872,0734,4,5,7,1942,0,0,0,G,0,7A69,"3RD ST","GILMORE LN",0.00,,Y,A,-,N,,,,,,,,,,N,4,0,1,2,A,-,10,21950,,N,G,B,D,A,H,-,A,D,0,Y,,,,Y,,A,07,0,0,1,0,1,0,0,0,0,"- ","- ",,,"LOS ANGELES","LOS ANGELES",-118.3594801,34.071270009999999
8112099,2016,2016-08-31,1942,2016-08-10,1550,35419,1944,3,5,7,1942,0,0,0,,0,19A93,"FOX ST",RINCON,5.00,W,N,A,-,N,,,,,,,,,,N,3,0,1,2,A,-,10,21950,,F,A,B,D,A,H,-,A,D,0,Y,,,,Y,,-,99,0,1,0,0,1,0,0,0,0,"- ","- ",,,"LOS ANGELES","LOS ANGELES",-118.44527245,34.272200980000001
8112152,2016,2016-10-17,1941,2016-08-18,0206,5175,,4,5,7,1941,0,0,0,,0,,"LONG BEACH BL","VICTORIA ST",0.00,,Y,A,-,N,,,,,,,,,,N,2,0,1,3,A,-,08,22100,A,N,B,B,E,A,H,-,C,A,0,Y,,,,Y,,A,,1,0,0,0,1,0,0,0,0,"- ","- ",,,"LOS ANGELES","LONG BEACH",-118.19992013,33.864870080000003
8112357,2016,2016-11-07,1900,2016-07-27,2103,534572,0975,3,5,4,1979,0,0,0,,0,93T1,"FAIRFAX AV","ROMAINE ST",5.00,S,N,A,-,N,,,,,,,,,,N,4,0,1,2,A,-,10,21950,A,N,G,B,B,A,H,-,A,D,0,Y,,,,Y,,-,"- ",0,0,1,0,1,0,0,0,0,"- ","- ",,,"LOS ANGELES","WEST HOLLYWOOD",-118.36154988,34.088766290000002
8112545,2016,2016-09-01,1942,2016-06-27,1845,40493,0159,1,5,7,1942,0,0,0,A,0,1A12,"ALAMEDA ST","5TH ST",75.00,S,N,A,-,N,,,,,,,,,,N,3,0,1,2,B,-,22,,,N,G,B,F,A,H,-,A,D,0,Y,,,,Y,,A,01,0,1,0,0,1,0,0,0,0,"- ","- ",,,"LOS ANGELES","LOS ANGELES",-118.238248,34.041203000000003
8112558,2016,2016-09-01,1900,2016-07-13,1642,534341,2117,3,5,5,1943,0,0,0,,0,212T3,"ATLANTIC BL","CARLIN AV",0.00,,Y,A,-,N,,,,,,,,,,N,4,0,1,2,A,-,10,21950,A,N,G,B,B,A,H,-,A,A,0,Y,,,,Y,,A,,0,0,1,0,1,0,0,0,0,"- ","- ",,,"LOS ANGELES",LYNWOOD,-118.19201004999999,33.910340069999997
8112563,2016,2016-09-01,1942,2016-06-29,1525,40858,0192,3,5,7,1942,0,0,0,A,0,1FB5,"FLOWER ST","VENICE BL",0.00,,Y,A,-,N,,,,,,,,,,N,2,0,1,2,A,-,11,21456,B,N,G,B,B,A,H,-,A,A,0,Y,,,,Y,,N,60,1,0,0,0,1,0,0,0,0,"- ","- ",,,"LOS ANGELES","LOS ANGELES",-118.26883007000001,34.036990099999997
8112640,2016,2016-09-01,1942,2016-06-24,0200,41449,0153,5,5,7,1942,0,0,0,A,0,1A29,"5TH ST",BROADWAY,100.00,W,N,A,-,N,,,,,,,,,,N,3,0,1,2,A,-,11,21955,,N,G,B,E,A,H,-,C,A,0,Y,,,,Y,Y,N,60,0,1,0,0,1,0,0,0,0,"- ","- ",,,"LOS ANGELES","LOS ANGELES",-118.47048431,33.99377732
8112689,2016,2016-11-08,1929,2016-08-18,1619,191,,4,5,3,1929,0,0,0,,0,001,"HERMOSA AV","11TH ST",92.00,N,N,A,-,N,,,,,,,,,,N,3,0,1,2,A,-,00,21956,B,N,G,B,D,A,H,-,A,A,0,Y,,,,Y,,N,60,0,1,0,0,1,0,0,0,0,"- ","- ",,,"LOS ANGELES","HERMOSA BEACH",-118.39995406,33.861696620000004
8112878,2016,2017-02-28,1976,2016-07-19,0853,243,,2,5,5,1976,0,0,0,,0,004,"SCOTT AV","WHITTIER BL",1.00,S,N,A,-,Y,LA,7,72,-,-,1.498,I,6,S,N,3,0,1,2,A,-,11,21456,B,N,G,B,B,A,H,-,A,A,0,Y,,,,Y,,N,60,0,1,0,0,1,0,0,0,0,"- ","- ",,,"LOS ANGELES",WHITTIER,-118.00078761,33.946964860000001
8112895,2016,2016-09-06,1942,2016-08-15,1950,38743,1984,1,5,7,1942,0,0,0,,0,17X66,"CEDROS AV","WILLIS AV",0.00,,Y,A,-,N,,,,,,,,,,N,3,0,1,2,A,-,10,21950,A,F,G,B,B,A,H,-,C,A,0,Y,,,,Y,,-,99,0,1,0,0,1,0,0,0,0,"- ","- ",,,"LOS ANGELES","LOS ANGELES",-118.45533500000001,34.207985999999998
8113114,2016,2016-09-07,1900,2016-08-22,1800,520726,0532,1,5,5,1959,0,0,0,,0,53T1PM,"BRIGHTON ST","GARVEY AV",13.00,N,N,A,-,N,,,,,,,,,,N,4,0,1,2,A,-,11,21950,B,F,G,B,D,A,H,-,A,D,0,Y,,,,Y,,N,60,0,0,1,0,1,0,0,0,0,"- ","- ",,,"LOS ANGELES",ROSEMEAD,-118.09833,34.06266565
8113179,2016,2016-09-07,1900,2016-08-24,2029,520726,0534,3,5,5,1959,0,0,0,,0,53T1PM,"WALNUT GROVE AV","GARVEY AV",395.00,N,N,A,-,N,,,,,,,,,,N,4,0,1,2,A,-,08,22107,,N,G,B,E,A,H,-,C,D,0,Y,,,,Y,,A,01,0,0,1,0,1,0,0,0,0,"- ","- ",,,"LOS ANGELES",ROSEMEAD,-118.08200096,34.063762930000003
8113411,2016,2016-11-07,1922,2016-07-31,2200,607,,7,5,6,1922,0,0,0,,0,,"COGSWELL RD",LISCOMB,50.00,N,N,A,-,N,,,,,,,,,,N,4,0,1,2,A,-,"- ",,,M,G,B,F,A,H,-,D,D,0,Y,,,,Y,,A,01,0,0,1,0,1,0,0,0,0,"- ","- ",,,"LOS ANGELES","EL MONTE",-118.01353317,34.073655299999999
8113913,2016,2016-09-08,1942,2016-08-14,2120,41210,0677,7,5,7,1942,0,0,0,F,0,8TL35,"SANTA MONICA BL","BEACHWOOD DR",0.00,,Y,A,-,N,,,,,,,,,,N,3,0,1,2,A,-,11,21950,B,N,G,B,B,A,H,-,C,D,0,Y,,,,Y,Y,N,60,0,1,0,0,1,0,0,0,0,"- ","- ",,,"LOS ANGELES","LOS ANGELES",-118.32121001,34.090750010000001
8113917,2016,2016-09-08,1942,2016-08-11,1830,41948,06,4,5,7,1942,0,0,0,F,0,0648,"WILTON PL","FRANKLIN AV",0.00,,Y,A,-,N,,,,,,,,,,N,2,0,1,2,A,-,10,21950,A,N,G,B,B,A,H,-,A,A,0,Y,,,,Y,,A,07,1,0,0,0,1,0,0,0,0,"- ","- ",,,"LOS ANGELES","LOS ANGELES",-118.31366004,34.105340069999997
8113924,2016,2016-09-08,1942,2016-08-03,1440,38380,0721,3,5,7,1942,0,0,0,G,0,7TL72,"LA CIENEGA BL","3RD ST",45.00,N,N,A,-,N,,,,,,,,,,N,3,0,1,2,A,-,11,21955,,N,G,B,D,A,H,-,A,A,0,Y,,,,Y,,N,60,0,1,0,0,1,0,0,0,0,"- ","- ",,,"LOS ANGELES","LOS ANGELES",-118.37647,34.073360000000001
8113949,2016,2016-09-07,1942,2016-06-23,2220,37631,1143,4,5,7,1942,0,0,0,K,0,11A62,HYPERION,ROWENA,0.00,,-,A,-,N,,,,,,,,,,N,3,0,1,2,A,-,21,22106,,N,G,B,B,A,-,-,C,A,0,Y,,,,Y,,-,"- ",0,1,0,0,1,0,0,0,0,"- ","- ",,,"LOS ANGELES","LOS ANGELES",-118.27133006,34.109220090000001
8113974,2016,2016-09-07,1942,2016-06-22,0810,40275,0289,3,5,7,1942,0,0,0,B,0,11T25,"VALENCIA ST","12TH ST",17.00,N,N,A,-,N,,,,,,,,,,N,4,0,1,2,A,-,10,21950,A,N,G,B,D,A,H,-,A,A,0,Y,,,,Y,,-,"- ",0,0,1,0,1,0,0,0,0,"- ","- ",,,"LOS ANGELES","LOS ANGELES",-118.27422405,34.045451319999998
8113986,2016,2016-09-07,1942,2016-06-20,0315,39745,0291,1,5,7,1942,0,0,0,B,0,2T15,"PICO BL","BONNIE BRAE ST",0.00,,Y,A,-,N,,,,,,,,,,N,3,0,1,2,A,-,09,21453,B,N,G,B,B,A,H,-,C,A,0,Y,,,,Y,,N,60,0,1,0,0,1,0,0,0,0,"- ","- ",,,"LOS ANGELES","LOS ANGELES",-118.28036002,34.046190090000003
8114430,2016,2017-02-28,1942,2016-07-13,1845,40947,2097,3,5,7,1942,0,0,0,,0,20A58,"NORMANDIE AV","RT 10",0.00,,Y,A,-,Y,LA,7,10,-,R,13.198,R,4,W,N,4,0,1,2,A,-,10,21950,A,N,G,B,B,A,H,-,A,A,0,Y,,,,Y,,A,01,0,0,1,0,1,0,0,0,0,"- ",WO,,,"LOS ANGELES","LOS ANGELES",-118.30243360999999,34.037187979999999
8114434,2016,2016-09-09,1942,2016-07-08,2330,42055,2011,5,5,7,1942,0,0,0,,0,20A34,"GRAMERCY PL","2ND ST",450.00,S,N,A,-,N,,,,,,,,,,N,4,0,1,2,A,-,03,22350,,F,G,B,E,A,H,-,C,D,0,Y,,,,Y,,-,99,0,0,1,0,1,0,0,0,0,"- ","- ",,,"LOS ANGELES","LOS ANGELES",-118.3128327,34.069885909999996
8114438,2016,2016-09-09,1942,2016-07-11,0105,42319,0765,1,5,7,1942,0,0,0,G,0,7A1,"LA BREA AV","PICO BL",10.00,N,N,A,-,N,,,,,,,,,,N,3,0,1,2,D,-,00,,,N,G,B,B,A,H,-,D,B,0,Y,,,,Y,,-,"- ",0,1,0,0,1,0,0,0,0,"- ","- ",,,"LOS ANGELES","LOS ANGELES",-118.34465012,34.04791616