CASE_ID,ACCIDENT_YEAR,PROC_DATE,JURIS,COLLISION_DATE,COLLISION_TIME,OFFICER_ID,REPORTING_DISTRICT,DAY_OF_WEEK,CHP_SHIFT,POPULATION,CNTY_CITY_LOC,SPECIAL_COND,BEAT_TYPE,CHP_BEAT_TYPE,CITY_DIVISION_LAPD,CHP_BEAT_CLASS,BEAT_NUMBER,PRIMARY_RD,SECONDARY_RD,DISTANCE,DIRECTION,INTERSECTION,WEATHER_1,WEATHER_2,STATE_HWY_IND,CALTRANS_COUNTY,CALTRANS_DISTRICT,STATE_ROUTE,ROUTE_SUFFIX,POSTMILE_PREFIX,POSTMILE,LOCATION_TYPE,RAMP_INTERSECTION,SIDE_OF_HWY,TOW_AWAY,COLLISION_SEVERITY,NUMBER_KILLED,NUMBER_INJURED,PARTY_COUNT,PRIMARY_COLL_FACTOR,PCF_CODE_OF_VIOL,PCF_VIOL_CATEGORY,PCF_VIOLATION,PCF_VIOL_SUBSECTION,HIT_AND_RUN,TYPE_OF_COLLISION,MVIW,PED_ACTION,ROAD_SURFACE,ROAD_COND_1,ROAD_COND_2,LIGHTING,CONTROL_DEVICE,CHP_ROAD_TYPE,PEDESTRIAN_ACCIDENT,BICYCLE_ACCIDENT,MOTORCYCLE_ACCIDENT,TRUCK_ACCIDENT,NOT_PRIVATE_PROPERTY,ALCOHOL_INVOLVED,STWD_VEHTYPE_AT_FAULT,CHP_VEHTYPE_AT_FAULT,COUNT_SEVERE_INJ,COUNT_VISIBLE_INJ,COUNT_COMPLAINT_PAIN,COUNT_PED_KILLED,COUNT_PED_INJURED,COUNT_BICYCLIST_KILLED,COUNT_BICYCLIST_INJURED,COUNT_MC_KILLED,COUNT_MC_INJURED,PRIMARY_RAMP,SECONDARY_RAMP,LATITUDE,LONGITUDE,COUNTY,CITY,POINT_X,POINT_Y
8151420,2016,2016-12-28,1942,2016-09-22,1730,42154,1317,4,5,7,1942,0,0,0,M,0,13X62,"21ST ST","SAN PEDRO",3.00,W,N,A,-,N,,,,,,,,,,N,4,0,2,3,A,-,08,22107,,N,G,B,B,A,H,-,A,A,0,Y,,,,Y,,A,01,0,0,2,0,2,0,0,0,0,"- ","- ",,,"LOS ANGELES","LOS ANGELES",-118.25856812000001,34.02584469
8151906,2016,2016-10-26,1962,2016-10-13,0906,137,1962,4,5,4,1962,0,0,0,,0,025,"SOUTH SAN GABRIEL BL","EAST VALLEY BL",82.00,S,N,A,-,N,,,,,,,,,,N,4,0,1,2,A,-,10,21952,,N,G,B,F,A,H,-,A,D,0,Y,,,,Y,,A,01,0,0,1,0,1,0,0,0,0,"- ","- ",,,"LOS ANGELES","SAN GABRIEL",-118.09075,34.079935159999998
8151915,2016,2016-12-28,1941,2016-10-11,1858,5989,,2,5,7,1941,0,0,0,,0,,"ANAHEIM ST","SAINT LOUIS AV",0.00,,Y,A,-,N,,,,,,,,,,N,4,0,1,3,A,-,"- ",,,N,H,B,B,A,H,-,C,D,0,Y,,,,Y,,A,,0,0,1,0,1,0,0,0,0,"- ","- ",,,"LOS ANGELES","LONG BEACH",-118.16659011,33.782600029999998
8152027,2016,2016-11-01,1900,2016-10-14,1455,600125,0642,5,5,6,1985,0,0,0,,0,64T1,"HILLSBOROUGH PKWY","NEWHALL RANCH RD",0.00,,Y,A,-,N,,,,,,,,,,N,3,0,1,2,A,-,10,21950,A,N,G,B,B,A,H,-,A,A,0,Y,,,,Y,,D,22,0,1,0,0,1,0,0,0,0,"- ","- ",,,"LOS ANGELES","SANTA CLARITA",-118.54538006,34.428310009999997
8152106,2016,2016-10-26,1902,2016-10-16,2046,638,31,7,5,5,1902,0,0,0,,0,005,"BALDWIN AV","NORMAN AV",288.00,N,N,B,-,N,,,,,,,,,,N,4,0,1,2,A,-,10,21952,,N,G,B,F,A,H,-,C,D,0,Y,,,,Y,,A,01,0,0,1,0,1,0,0,0,0,"- ","- ",,,"LOS ANGELES",ARCADIA,-118.05489134,34.121186690000002
8152123,2016,2016-10-26,1900,2016-10-02,1215,482931,,7,5,6,1985,0,0,0,,0,61T1,"ISABELLA PKWY","GOLDEN TRIANGLE RD",508.00,S,N,A,-,N,,,,,,,,,,N,3,0,1,2,A,-,11,21954,A,N,G,B,D,A,H,-,A,D,0,Y,,,,Y,,N,60,0,1,0,0,1,0,0,0,0,"- ","- ",,,"LOS ANGELES","SANTA CLARITA",-118.49374907000001,34.419183269999998
8152143,2016,2016-10-26,1900,2016-10-05,1755,407357,0617,3,5,6,1985,0,0,0,,0,63T1,"GOLDEN VALLEY RD","CENTRE POINTE PKWY",360.00,N,N,A,-,N,,,,,,,,,,N,4,0,1,2,D,-,00,,,N,G,B,F,A,H,-,B,D,0,Y,,,,Y,,-,"- ",0,0,1,0,1,0,0,0,0,"- ","- ",,,"LOS ANGELES","SANTA CLARITA",-118.50223824,34.413683040000002
8152151,2016,2016-10-26,1900,2016-10-05,1345,530600,0622,3,5,6,1985,0,0,0,,0,64T1,"ORCHARD VILLAGE RD","WILEY CANYON RD",4.00,E,N,A,-,N,,,,,,,,,,N,4,0,1,2,A,-,10,21950,A,N,G,B,B,A,H,-,A,A,0,Y,,,,Y,,A,01,0,0,1,0,1,0,0,0,0,"- ","- ",,,"LOS ANGELES","SANTA CLARITA",-118.5476709,34.389772030000003
8152182,2016,2016-10-26,1900,2016-10-08,1410,550495,1010,6,5,3,1995,0,0,0,,0,101T3,"PUESTA DEL SOL","ENCINAL CANYON RD",528.00,W,N,A,-,N,,,,,,,,,,N,2,0,1,2,A,-,21,22106,,N,G,B,F,A,H,-,A,D,0,Y,,,,Y,,A,01,1,0,0,0,1,0,0,0,0,"- ","- ",34.04166,-118.88562,"LOS ANGELES",MALIBU,-118.88529,34.040570000000002
8152198,2016,2016-10-26,1955,2016-10-12,1900,42281,0013,3,5,6,1955,0,0,0,,0,003,"LINCOLN AV","LORANNE AV",132.00,E,N,A,-,N,,,,,,,,,,Y,3,0,1,2,A,-,11,21954,A,N,G,B,D,A,H,-,C,D,0,Y,,,,Y,,N,60,0,1,0,0,1,0,0,0,0,"- ","- ",,,"LOS ANGELES",POMONA,-117.73019524,34.070992019999998
8152234,2016,2016-10-26,1955,2016-10-05,1835,42281,0012,3,5,6,1955,0,0,0,,0,003,"SAN BERNARDINO AV","SAN ANTONIO AV",33.00,E,N,A,-,N,,,,,,,,,,N,3,0,1,2,A,-,11,21456,B,N,G,B,B,A,H,-,B,A,0,Y,,,,Y,,N,60,0,1,0,0,1,0,0,0,0,"- ","- ",,,"LOS ANGELES",POMONA,-117.73661136,34.075822860000002
8152345,2016,2017-03-27,1955,2016-09-19,2011,030354,54,1,5,6,1955,0,0,0,,0,001,"HOLT AV","DUDLEY ST",0.00,,Y,A,-,N,,,,,,,,,,N,1,1,0,2,A,-,00,21456,1,N,G,B,B,A,H,-,C,A,0,Y,,,,Y,,N,60,0,0,0,1,0,0,0,0,0,"- ","- ",,,"LOS ANGELES",POMONA,-117.77667003000001,34.061720020000003
8152854,2016,2016-11-01,1900,2016-10-10,1036,525409,2922,1,5,5,1990,0,0,0,,0,292,"GOLDEN SPRINGS DR","GOLDEN PRADOS DR",0.00,,Y,A,-,N,,,,,,,,,,N,4,0,1,2,A,-,10,21950,A,M,G,B,B,A,H,-,A,A,0,Y,,,,Y,,A,01,0,0,1,0,1,0,0,0,0,"- ","- ",,,"LOS ANGELES","DIAMOND BAR",-117.81392009,34.011690029999997
8152857,2016,2016-10-31,1928,2016-10-17,0511,395,514,1,5,5,1928,0,0,0,,0,504,"ROSECRANS AV","INGLEWOOD AV",8.00,S,N,C,-,N,,,,,,,,,,N,2,0,1,2,A,-,11,21954,A,N,G,B,D,B,H,-,C,D,0,Y,,,,Y,,N,60,1,0,0,0,1,0,0,0,0,"- ","- ",33.901859999999999,-118.36118,"LOS ANGELES",HAWTHORNE,-118.36127999999999,33.901820000000001
8153563,2016,2016-10-25,1928,2016-10-03,0730,395,513,1,5,5,1928,0,0,0,,0,504,"135TH ST","RAMONA AV",3.00,N,N,A,-,N,,,,,,,,,,N,3,0,1,2,A,-,11,21954,A,N,G,B,D,A,H,-,A,A,0,Y,,,,Y,,N,60,0,1,0,0,1,0,0,0,0,"- ","- ",33.909849999999999,-118.35720999999999,"LOS ANGELES",HAWTHORNE,-118.35720999999999,33.909860000000002
8153577,2016,2016-12-15,1942,2016-10-10,2145,39062,1385,1,5,7,1942,0,0,0,M,0,24T32,"GAGE AV","MCKINLEY AV",223.00,E,N,A,-,N,,,,,,,,,,Y,2,0,3,4,A,-,03,22350,,N,B,E,F,A,H,-,C,D,0,Y,,,,Y,,A,01,1,1,1,0,1,0,0,0,0,"- ","- ",,,"LOS ANGELES","LOS ANGELES",-118.26070587,33.982010000000002
8153615,2016,2016-10-26,1942,2016-09-14,1615,40138,1361,3,5,7,1942,0,0,0,M,0,13X21,"MAIN ST","47TH ST",0.00,,Y,A,-,N,,,,,,,,,,N,4,0,1,2,A,-,10,21950,A,N,G,B,D,A,H,-,A,-,0,Y,,,,Y,,A,01,0,0,1,0,1,0,0,0,0,"- ","- ",,,"LOS ANGELES","LOS ANGELES",-118.27398006999999,34.001040029999999
8153620,2016,2016-10-26,1942,2016-09-28,1240,41914,1394,3,5,7,1942,0,0,0,M,0,12T41,"FLORENCE AV","SAN PEDRO ST",0.00,,Y,A,-,N,,,,,,,,,,N,3,0,1,2,A,-,03,22350,A,F,G,B,B,A,H,-,C,A,0,Y,,,,Y,,-,99,0,1,0,0,1,0,0,0,0,"- ","- ",,,"LOS ANGELES","LOS ANGELES",-118.26957001,33.974690080000002
8153623,2016,2016-10-26,1942,2016-09-09,2200,40643,1142,5,5,7,1942,0,0,0,K,0,1T11,"VERMONT AV","FRANKLIN AV",8.00,N,N,A,-,N,,,,,,,,,,N,3,0,1,2,A,-,10,21950,A,N,G,B,B,A,H,-,C,A,0,Y,,,,Y,,A,01,0,1,0,0,1,0,0,0,0,"- ","- ",,,"LOS ANGELES","LOS ANGELES",-118.29179000000001,34.105431940000003
8153636,2016,2016-10-26,1942,2016-09-15,1215,37540,1309,4,5,7,1942,0,0,0,M,0,11T32,"7TH PL","WILSON ST",0.00,,Y,A,-,N,,,,,,,,,,N,3,0,1,2,A,-,08,22107,,N,G,B,F,A,H,-,A,D,0,Y,,,,Y,,-,99,0,1,0,0,1,0,0,0,0,"- ","- ",,,"LOS ANGELES","LOS ANGELES",-118.23401009,34.033420020000001
8153640,2016,2016-10-26,1942,2016-09-16,0725,39517,1347,5,5,7,1942,0,0,0,M,0,ACC,"43RD PL","COMPTON AV",20.00,W,N,A,-,N,,,,,,,,,,N,3,0,1,2,A,-,12,22450,A,N,G,B,B,A,H,-,A,D,0,Y,,,,Y,,-,,0,1,0,0,1,0,0,0,0,"- ","- ",,,"LOS ANGELES","LOS ANGELES",-118.24744475999999,34.004719960000003
8153653,2016,2016-10-26,1901,2016-09-10,0818,283,23,6,5,5,1901,0,0,0,,0,003,"ETHEL AV",GRAND,95.00,N,N,A,-,N,,,,,,,,,,N,4,0,1,2,-,-,"- ",,,N,G,B,F,A,H,-,A,D,0,Y,,,,Y,,-,"- ",0,0,1,0,1,0,0,0,0,"- ","- ",,,"LOS ANGELES",ALHAMBRA,-118.1442522,34.096550499999999
8153665,2016,2016-10-26,1901,2016-09-01,0703,288,23,4,5,5,1901,0,0,0,,0,003,"PALM AV","CEDAR ST",0.00,,Y,A,-,N,,,,,,,,,,N,3,0,1,2,A,-,12,22450,A,N,G,B,B,A,H,-,A,A,0,Y,,,,Y,,A,07,0,1,0,0,1,0,0,0,0,"- ","- ",,,"LOS ANGELES",ALHAMBRA,-118.14659003,34.094140060000001
8153672,2016,2016-10-26,1942,2016-09-16,0745,39321,1149,5,5,7,1942,0,0,0,K,0,11A37,"AVENUE 56","BALTIMORE ST",0.00,,Y,A,-,N,,,,,,,,,,N,4,0,1,2,A,-,10,21950,A,F,G,B,B,A,H,-,A,D,0,Y,,,,Y,Y,-,99,0,0,1,0,1,0,0,0,0,"- ","- ",,,"LOS ANGELES","LOS ANGELES",-118.19722013000001,34.117410100000001
8153676,2016,2016-10-26,1942,2016-09-26,1130,42423,0152,1,5,7,1942,0,0,0,A,0,1A85,"OLIVE ST","6TH ST",235.00,S,N,A,-,N,,,,,,,,,,N,2,0,1,2,A,-,11,21954,A,N,G,B,E,A,H,-,A,A,0,Y,,,,Y,,N,60,1,0,0,0,1,0,0,0,0,"- ","- ",,,"LOS ANGELES","LOS ANGELES",-118.25467123,34.047528649999997
8153681,2016,2016-10-25,1942,2016-10-03,1725,40099,1343,1,5,7,1942,0,0,0,M,0,24T57,"41ST ST","AVALON BL",17.00,E,N,A,-,N,,,,,,,,,,Y,4,0,1,2,A,-,09,21801,A,N,G,-,B,A,H,-,A,A,0,Y,,,,Y,,A,01,0,0,1,0,1,0,0,0,0,"- ","- ",,,"LOS ANGELES","LOS ANGELES",-118.26521402,34.009180540000003
8153685,2016,2016-10-25,1942,2016-10-03,1245,40643,1351,1,5,7,1942,0,0,0,M,0,24TL56,BROADWAY,"43RD ST",18.00,S,N,A,-,N,,,,,,,,,,N,4,0,1,2,A,-,10,21950,A,N,G,B,B,A,H,-,A,A,0,Y,,,,Y,,A,01,0,0,1,0,1,0,0,0,0,"- ","- ",,,"LOS ANGELES","LOS ANGELES",-118.27837100000001,34.005527000000001
8153705,2016,2016-10-25,1942,2016-10-07,1545,40726,0408,5,5,7,1942,0,0,0,D,0,24T56,"HUNTINGTON DR","CASTALIA AV",58.00,W,N,A,-,N,,,,,,,,,,N,2,0,1,2,A,-,21,22106,,N,A,B,F,A,H,-,A,D,0,Y,,,,Y,,A,01,1,0,0,0,1,0,0,0,0,"- ","- ",,,"LOS ANGELES","LOS ANGELES",-118.17717861,34.086715060000003
8153733,2016,2016-10-25,1942,2016-10-02,0050,41613,1162,7,5,7,1942,0,0,0,K,0,NOE,"SUNSET BL","FOUNTAIN AV",0.00,,Y,A,-,N,,,,,,,,,,N,4,0,1,2,A,-,10,21950,A,F,G,B,B,A,H,-,C,A,0,Y,,,,Y,,-,99,0,0,1,0,1,0,0,0,0,"- ","- ",,,"LOS ANGELES","LOS ANGELES",-118.28412004,34.09582005
8153757,2016,2016-10-25,1942,2016-10-12,1425,38857,0989,3,5,7,1942,0,0,0,I,0,17TL14,"MOORPARK ST","MATILISA AV",15.00,W,N,A,-,N,,,,,,,,,,N,4,0,1,2,B,-,22,,,N,G,B,F,A,H,-,A,D,0,Y,,,,Y,,A,01,0,0,1,0,1,0,0,0,0,"- ","- ",,,"LOS ANGELES","LOS ANGELES",-118.43411949,34.150350000000003
8153842,2016,2016-10-27,1925,2016-10-05,1618,19364,131,3,5,6,1925,0,0,0,,0,005,"HONOLULU AV","OCEANVIEW BL",0.00,,Y,A,-,N,,,,,,,,,,N,3,0,1,2,A,-,10,21950,A,N,G,B,B,A,H,-,A,A,0,Y,,,,Y,,A,01,0,1,0,0,1,0,0,0,0,"- ","- ",,,"LOS ANGELES",GLENDALE,-118.22800006999999,34.205490009999998
8153862,2016,2016-10-27,1925,2016-10-08,1319,24111,251,6,5,6,1925,0,0,0,,0,003,"COLORADO ST","EVERETT ST",0.00,,Y,A,-,N,,,,,,,,,,N,3,0,1,2,A,-,10,21950,A,N,G,B,B,A,H,-,A,A,0,Y,,,,Y,,A,07,0,1,0,0,1,0,0,0,0,"- ","- ",,,"LOS ANGELES",GLENDALE,-118.24556009,34.142670109999997
8153987,2016,2016-12-08,1942,2016-10-13,1655,38098,904,4,5,7,1942,0,0,0,,0,9A5,"VAN NUYS BL","VALERIO ST",0.00,,Y,A,-,N,,,,,,,,,,N,3,0,1,2,A,-,10,21950,A,N,G,B,B,A,H,-,A,A,0,Y,,,,Y,,-,,0,1,0,0,1,0,0,0,0,"- ","- ",,,"LOS ANGELES","LOS ANGELES",-118.44875009,34.204830090000002
8153995,2016,2017-02-13,1976,2016-10-10,0847,429,,1,5,5,1976,0,0,0,,0,002,"PENN ST","WHITTIER BL",7.00,E,N,A,-,Y,LA,7,72,-,-,4.856,I,6,N,N,3,0,1,2,A,-,10,21950,A,N,G,B,B,A,H,-,A,D,0,Y,,,,Y,,A,01,0,1,0,0,1,0,0,0,0,"- ","- ",,,"LOS ANGELES",WHITTIER,-118.04690383000001,33.975562250000003
8154061,2016,2016-10-28,1942,2016-04-29,1310,41521,1803,5,5,7,1942,0,0,0,R,0,18T23,"SAN PEDRO ST","87TH PL",100.00,S,N,A,-,N,,,,,,,,,,N,3,0,2,5,A,-,03,22350,,N,C,E,E,A,H,-,A,D,0,Y,,,,Y,,D,22,0,1,1,0,2,0,0,0,0,"- ","- ",,,"LOS ANGELES","LOS ANGELES",-118.26951,33.957775750000003
8154089,2016,2016-10-27,1942,2016-09-30,0750,41521,1829,5,5,7,1942,0,0,0,R,0,18T23,"103RD ST","KALMIA ST",0.00,,Y,A,-,N,,,,,,,,,,Y,4,0,1,2,A,-,10,21950,A,N,G,-,B,A,H,-,A,A,0,Y,,,,Y,,A,01,0,0,1,0,1,0,0,0,0,"- ","- ",,,"LOS ANGELES","LOS ANGELES",-118.23176004,33.94311012
8154096,2016,2016-10-27,1942,2016-09-28,0945,33201,1863,3,5,7,1942,0,0,0,R,0,18A63,"AVALON BL","118 ST",305.00,N,N,A,-,N,,,,,,,,,,N,2,0,1,2,A,-,11,21954,A,N,G,B,D,A,H,-,A,A,0,Y,,,,Y,,N,60,1,0,0,0,1,0,0,0,0,"- ","- ",,,"LOS ANGELES","LOS ANGELES",-118.26519999999999,33.927280000000003
8154097,2016,2016-10-27,1942,2016-09-28,1920,41927,1835,3,5,7,1942,0,0,0,R,0,3T57,"CENTRAL AV","105TH ST",20.00,N,N,A,-,N,,,,,,,,,,N,4,0,1,3,A,-,11,21950,B,N,C,C,B,A,H,-,C,A,0,Y,,,,Y,,N,60,0,0,1,0,0,0,0,0,0,"- ","- ",,,"LOS ANGELES","LOS ANGELES",-118.25415895,33.940994840000002
8154101,2016,2016-10-27,1942,2016-09-19,2110,41704,1802,1,5,7,1942,0,0,0,R,0,18T23,"FIGUEROA ST","91ST ST",0.00,W,N,A,-,N,,,,,,,,,,N,3,0,1,2,A,-,10,21950,A,F,B,B,B,A,H,-,C,A,0,Y,,,,Y,,-,99,0,1,0,0,1,0,0,0,0,"- ","- ",,,"LOS ANGELES","LOS ANGELES",-118.28272010000001,33.954200120000003
8154127,2016,2016-12-01,1942,2016-09-23,0800,40623,0303,5,5,7,1942,0,0,0,C,0,3A1,"REDONDO BL","ADAMS BL",0.00,,Y,A,-,N,,,,,,,,,,N,3,0,1,2,A,-,10,21950,A,N,G,B,B,A,H,-,A,A,0,Y,,,,Y,,-,"- ",0,1,0,0,1,0,0,0,0,"- ","- ",,,"LOS ANGELES","LOS ANGELES",-118.35625009,34.03250001
8154130,2016,2016-10-27,1942,2016-09-10,1930,40237,1824,6,5,7,1942,0,0,0,R,0,18T23,"102ND ST",BROADWAY,281.00,E,N,A,-,N,,,,,,,,,,N,3,0,1,2,A,-,11,21956,A,N,A,B,D,A,H,-,A,D,0,Y,,,,Y,,N,60,0,1,0,0,1,0,0,0,0,"- ","- ",,,"LOS ANGELES","LOS ANGELES",-118.27746560999999,33.943739999999998
8154133,2016,2016-10-26,1942,2016-09-27,1245,42259,1119,2,5,7,1942,0,0,0,K,0,11A17,"FIGUEROA ST","LA LOMA RD",13.00,N,N,A,-,N,,,,,,,,,,N,4,0,1,2,A,-,09,21801,A,N,G,B,B,A,H,-,A,A,0,Y,,,,Y,,A,01,0,0,1,0,1,0,0,0,0,"- ","- ",,,"LOS ANGELES","LOS ANGELES",-118.18808583000001,34.136713649999997
8154135,2016,2016-10-27,1942,2016-09-21,0510,36654,0551,3,5,7,1942,0,0,0,E,0,5A15,"GAFFEY ST","2ND ST",4.00,S,N,B,-,N,,,,,,,,,,N,3,0,1,2,A,-,03,22350,,N,G,B,B,A,H,-,C,A,0,Y,,,,Y,,A,01,0,1,0,0,1,0,0,0,0,"- ","- ",,,"LOS ANGELES","LOS ANGELES",-118.29232021999999,33.742419030000001
8154139,2016,2016-10-28,1942,2016-09-16,1715,37599,0501,5,5,7,1942,0,0,0,E,0,5SL1,"VERMONT AV","186TH ST",56.00,E,N,A,-,N,,,,,,,,,,N,3,0,2,3,A,-,11,21954,A,N,G,B,D,A,H,-,A,D,0,Y,,,,Y,,N,60,0,2,0,0,2,0,0,0,0,"- ","- ",,,"LOS ANGELES","LOS ANGELES",-118.29054600000001,33.861854000000001
8154146,2016,2016-10-27,1942,2016-09-26,1940,37618,1842,1,5,7,1942,0,0,0,R,0,18T23,"FIGUEROA ST","110TH ST",0.00,,Y,A,-,N,,,,,,,,,,N,4,0,1,2,A,-,10,21950,A,N,G,B,B,A,H,-,C,A,0,Y,,,,Y,,A,01,0,0,1,0,1,0,0,0,0,"- ","- ",,,"LOS ANGELES","LOS ANGELES",-118.28261001,33.935630070000002
8154156,2016,2016-10-27,1942,2016-09-16,0630,37414,1203,5,5,7,1942,0,0,0,L,0,12A3,50TH,"WESTERN AV",5.00,W,N,A,-,N,,,,,,,,,,N,3,0,1,2,A,-,21,22106,,F,G,B,F,A,H,-,A,D,0,Y,,,,Y,,-,99,0,1,0,0,1,0,0,0,0,"- ","- ",,,"LOS ANGELES","LOS ANGELES",-118.30894000000001,33.998240000000003
8154159,2016,2016-10-27,1942,2016-09-14,1440,32129,0585,3,5,7,1942,0,0,0,E,0,5A85,"20TH ST","GAFFEY ST",0.00,,Y,A,-,N,,,,,,,,,,N,4,0,1,2,A,-,11,21954,A,N,G,B,D,A,H,-,A,D,0,Y,,,,Y,,N,60,0,0,1,0,1,0,0,0,0,"- ","- ",,,"LOS ANGELES","LOS ANGELES",-118.29240003,33.726050010000002
8154167,2016,2016-10-27,1942,2016-10-11,1411,38357,0281,2,5,7,1942,0,0,0,B,0,24TL29,"HOOVER ST","PICO BL",122.00,N,N,A,-,N,,,,,,,,,,N,3,0,1,2,A,-,11,21955,,N,G,B,D,A,H,-,A,D,0,Y,,,,Y,,N,60,0,1,0,0,1,0,0,0,0,"- ","- ",,,"LOS ANGELES","LOS ANGELES",-118.28417571,34.047613370000001
8154175,2016,2016-10-27,1942,2016-10-14,1330,30502,2069,5,5,7,1942,0,0,0,,0,20A1,"11TH ST","WESTMORELAND AV",0.00,,Y,A,-,N,,,,,,,,,,N,4,0,1,2,A,-,10,21950,,F,G,B,B,A,H,-,A,A,0,Y,,,,Y,,-,99,0,0,1,0,1,0,0,0,0,"- ","- ",,,"LOS ANGELES","LOS ANGELES",-118.28910002000001,34.050790020000001
8154200,2016,2016-10-27,1942,2016-10-17,0610,37411,318,1,5,7,1942,0,0,0,,0,3A99,"HOOVER ST","RT 10",0.00,,Y,C,-,N,,,,,,,,,,Y,2,0,1,2,A,-,10,21950,A,N,G,B,B,C,H,-,C,A,0,Y,,,,Y,,A,01,1,0,0,0,1,0,0,0,0,"- ","- ",,,"LOS ANGELES","LOS ANGELES",-118.28402011,34.037240099999998
8154224,2016,2016-10-27,1942,2016-10-10,1545,39058,0813,1,5,7,1942,0,0,0,H,0,8TL26,"SUNSET BL","WOODBURN DR",10.00,W,N,A,-,N,,,,,,,,,,N,3,0,1,2,A,-,10,21950,A,N,G,B,B,A,H,-,A,A,0,Y,,,,Y,,A,01,0,1,0,0,1,0,0,0,0,"- ","- ",,,"LOS ANGELES","LOS ANGELES",-118.46964852000001,34.0697835
8154228,2016,2016-10-27,1942,2016-10-13,1700,41179,0849,4,5,7,1942,0,0,0,H,0,8TL26,"GREGORY WY","ROBERTSON BL",18.00,E,N,A,-,N,,,,,,,,,,Y,3,0,1,2,A,-,10,21950,A,N,G,B,B,A,H,-,A,A,0,Y,,,,Y,,A,01,0,1,0,0,1,0,0,0,0,"- ","- ",,,"LOS ANGELES","LOS ANGELES",-118.38350072999999,34.062967989999997
8154382,2016,2016-10-28,1906,2016-09-27,2013,2891,1906,2,5,5,1906,0,0,0,,0,002,"MAINE AV","OLIVE ST",15.00,N,N,A,-,N,,,,,,,,,,N,2,0,1,2,A,-,08,22107,,N,G,B,B,A,H,-,C,A,0,Y,,,,Y,,A,08,1,0,0,0,1,0,0,0,0,"- ","- ",,,"LOS ANGELES","BALDWIN PARK",-117.96052,34.099591119999999
8154458,2016,2016-12-02,1906,2016-10-16,1806,4417,1906,7,5,5,1906,0,0,0,,0,003,"PUENTE AV","DALEWOOD ST",0.00,,Y,B,-,N,,,,,,,,,,N,3,0,1,2,A,-,10,21950,A,N,A,B,B,A,H,-,A,A,0,Y,,,,Y,,A,01,0,1,0,0,1,0,0,0,0,"- ","- ",,,"LOS ANGELES","BALDWIN PARK",-117.96375002000001,34.068580099999998
8154724,2016,2016-10-31,1941,2016-10-13,1936,5611,,4,5,7,1941,0,0,0,,0,,ANAHEIM,CEDAR,27.00,W,N,A,-,N,,,,,,,,,,Y,2,0,1,2,A,-,06,21951,,N,G,B,D,A,H,-,C,A,0,Y,,,,Y,Y,A,,1,0,0,0,1,0,0,0,0,"- ","- ",,,"LOS ANGELES","LONG BEACH",-118.19514866999999,33.782600000000002
8154736,2016,2016-12-27,1941,2016-10-16,1903,10744,,7,5,7,1941,0,0,0,,0,,"MARKET ST","LINDEN AV",0.00,,Y,A,-,N,,,,,,,,,,N,4,0,1,2,A,-,10,21950,A,N,G,B,B,A,H,-,C,A,0,Y,,,,Y,,A,,0,0,1,0,1,0,0,0,0,"- ","- ",,,"LOS ANGELES","LONG BEACH",-118.18595008,33.85433003
8154764,2016,2016-10-31,1941,2016-10-07,0754,10914,,5,5,7,1941,0,0,0,,0,,"SANTA FE AV","WILLARD ST",0.00,,Y,A,-,N,,,,,,,,,,N,4,0,1,2,A,-,10,21950,A,N,G,B,B,A,H,-,A,A,0,Y,,,,Y,,D,,0,0,1,0,1,0,0,0,0,"- ","- ",,,"LOS ANGELES","LONG BEACH",-118.21552011,33.79439
8154882,2016,2016-11-01,1900,2016-10-06,2004,527443,2844,4,5,5,1915,0,0,0,,0,283T1,"LONG BEACH BL","GREENLEAF BL",5.00,N,N,A,-,N,,,,,,,,,,N,4,0,1,2,A,-,11,21461,5,N,A,B,B,A,H,-,C,A,0,Y,,Y,,Y,Y,N,60,0,0,1,0,1,0,0,0,0,"- ","- ",,,"LOS ANGELES",COMPTON,-118.20487371,33.881343360000002
8154890,2016,2016-11-01,1900,2016-10-10,1625,517780,2814,1,5,5,1915,0,0,0,,0,283T1,"ROSECRANS AV","OLEANDER AV",3.00,E,N,A,-,N,,,,,,,,,,N,4,0,1,2,A,-,08,22100,A,F,B,B,B,A,H,-,A,A,0,Y,,,,Y,,A,01,0,0,1,0,1,0,0,0,0,"- ","- ",,,"LOS ANGELES",COMPTON,-118.23007013,33.903370000000002
8154909,2016,2016-10-31,1900,2016-09-30,1610,527443,,5,5,5,1915,0,0,0,,0,283T1,"LONG BEACH BL","ROSECRANS AV",5.00,S,N,A,-,N,,,,,,,,,,,4,0,1,2,A,-,10,21950,A,N,G,B,B,A,H,-,A,A,0,Y,,,,Y,,A,01,0,0,1,0,1,0,0,0,0,"- ","- ",,,"LOS ANGELES",COMPTON,-118.20844876,33.90348633
8154925,2016,2016-12-27,1900,2016-09-30,0940,520027,2835,5,5,5,1915,0,0,0,,0,282T1,"MYRRH ST","WILLOW BROOK AV",0.00,W,N,A,-,N,,,,,,,,,,N,3,0,1,2,A,-,11,21954,A,N,D,C,E,A,H,-,A,D,0,Y,,,,Y,,N,60,0,1,0,0,1,0,0,0,0,"- ","- ",,,"LOS ANGELES",COMPTON,-118.22412009999999,33.892270099999998