CASE_ID,ACCIDENT_YEAR,PROC_DATE,JURIS,COLLISION_DATE,COLLISION_TIME,OFFICER_ID,REPORTING_DISTRICT,DAY_OF_WEEK,CHP_SHIFT,POPULATION,CNTY_CITY_LOC,SPECIAL_COND,BEAT_TYPE,CHP_BEAT_TYPE,CITY_DIVISION_LAPD,CHP_BEAT_CLASS,BEAT_NUMBER,PRIMARY_RD,SECONDARY_RD,DISTANCE,DIRECTION,INTERSECTION,WEATHER_1,WEATHER_2,STATE_HWY_IND,CALTRANS_COUNTY,CALTRANS_DISTRICT,STATE_ROUTE,ROUTE_SUFFIX,POSTMILE_PREFIX,POSTMILE,LOCATION_TYPE,RAMP_INTERSECTION,SIDE_OF_HWY,TOW_AWAY,COLLISION_SEVERITY,NUMBER_KILLED,NUMBER_INJURED,PARTY_COUNT,PRIMARY_COLL_FACTOR,PCF_CODE_OF_VIOL,PCF_VIOL_CATEGORY,PCF_VIOLATION,PCF_VIOL_SUBSECTION,HIT_AND_RUN,TYPE_OF_COLLISION,MVIW,PED_ACTION,ROAD_SURFACE,ROAD_COND_1,ROAD_COND_2,LIGHTING,CONTROL_DEVICE,CHP_ROAD_TYPE,PEDESTRIAN_ACCIDENT,BICYCLE_ACCIDENT,MOTORCYCLE_ACCIDENT,TRUCK_ACCIDENT,NOT_PRIVATE_PROPERTY,ALCOHOL_INVOLVED,STWD_VEHTYPE_AT_FAULT,CHP_VEHTYPE_AT_FAULT,COUNT_SEVERE_INJ,COUNT_VISIBLE_INJ,COUNT_COMPLAINT_PAIN,COUNT_PED_KILLED,COUNT_PED_INJURED,COUNT_BICYCLIST_KILLED,COUNT_BICYCLIST_INJURED,COUNT_MC_KILLED,COUNT_MC_INJURED,PRIMARY_RAMP,SECONDARY_RAMP,LATITUDE,LONGITUDE,COUNTY,CITY,POINT_X,POINT_Y
8158890,2016,2016-11-04,1942,2016-09-29,0740,41923,1211,4,5,7,1942,0,0,0,L,0,12T41,"54TH ST","5TH AV",3.00,E,N,A,-,N,,,,,,,,,,Y,3,0,1,2,A,-,10,21950,A,N,G,B,B,A,H,-,A,A,0,Y,,,,Y,,A,01,0,1,0,0,1,0,0,0,0,"- ","- ",,,"LOS ANGELES","LOS ANGELES",-118.32253012,33.993180000000002
8158894,2016,2016-11-04,1942,2016-09-27,2040,41917,1213,2,5,7,1942,0,0,0,L,0,18T23,"WESTERN AV","SLAUSON AV",120.00,E,N,A,-,N,,,,,,,,,,N,4,0,1,2,B,-,22,,,F,G,B,F,A,H,-,C,D,0,Y,,,,Y,,-,99,0,0,1,0,1,0,0,0,0,"- ","- ",,,"LOS ANGELES","LOS ANGELES",-118.30895,33.989150000000002
8158914,2016,2016-11-04,1942,2016-09-24,2025,41706,1245,6,5,7,1942,0,0,0,L,0,12T41,"NORMANDIE AV","65TH PL",10.00,S,N,A,-,N,,,,,,,,,,N,3,0,1,2,A,-,10,21954,B,N,G,B,B,A,H,-,C,A,0,Y,,,,Y,,N,60,0,1,0,0,1,0,0,0,0,"- ","- ",,,"LOS ANGELES","LOS ANGELES",-118.30028,33.979792570000001
8158946,2016,2016-11-04,1942,2016-09-21,0620,38503,1233,3,5,7,1942,0,0,0,L,0,12T41,"SLAUSON AV","WILTON PL",9.00,E,N,A,-,N,,,,,,,,,,N,4,0,1,2,A,-,11,21456,A,N,B,B,B,A,H,-,B,A,0,Y,,,,Y,,N,60,0,0,1,0,1,0,0,0,0,"- ","- ",,,"LOS ANGELES","LOS ANGELES",-118.31491037000001,33.98912
8159149,2016,2016-11-04,1942,2016-10-04,1840,34599,1907,2,5,7,1942,0,0,0,,0,15T43,"GLADSTONE AV","FERNMONT ST",235.00,N,N,A,-,N,,,,,,,,,,N,4,0,1,2,A,-,11,21954,A,N,G,B,D,A,H,-,D,D,0,Y,,,,Y,,N,60,0,0,1,0,1,0,0,0,0,"- ","- ",,,"LOS ANGELES","LOS ANGELES",-118.42206222,34.305414540000001
8159231,2016,2016-11-04,1905,2016-10-08,1236,2019,114,6,5,4,1905,0,0,0,,0,062,"VERNON AV","1ST ST",2.00,N,N,A,-,N,,,,,,,,,,N,4,0,1,2,D,-,00,,,F,B,B,B,A,H,-,A,A,0,Y,,,,Y,Y,-,"- ",0,0,1,0,1,0,0,0,0,"- ","- ",,,"LOS ANGELES",AZUSA,-117.91633,34.121650000000002
8159233,2016,2016-11-03,1972,2016-10-01,1357,16610,,6,5,6,1972,0,0,0,,0,,"CRENSHAW BL","LOMITA AV",8.00,N,N,A,-,N,,,,,,,,,,N,4,0,1,2,A,-,10,21950,A,N,D,B,B,A,H,-,A,A,0,Y,,,,Y,,A,,0,0,1,0,1,0,0,0,0,"- ","- ",,,"LOS ANGELES",TORRANCE,-118.32797973,33.805931940000001
8159257,2016,2017-04-01,1942,2016-10-10,0745,40639,1764,1,5,7,1942,0,0,0,Q,0,17A95,"MERRIDY ST","TAMPA AV",5.00,E,N,A,-,N,,,,,,,,,,N,4,0,1,2,A,-,10,21950,A,F,G,B,B,A,H,-,A,A,0,Y,,,,Y,,-,99,0,0,1,0,1,0,0,0,0,"- ","- ",,,"LOS ANGELES","LOS ANGELES",-118.55355348000001,34.252130039999997
8159259,2016,2016-11-04,1905,2016-10-21,2057,1153,521,5,5,4,1905,0,0,0,,0,072,"9TH ST","AZUSA AV",37.00,W,N,A,-,N,,,,,,,,,,N,2,0,1,2,A,-,10,21950,A,N,G,B,B,A,H,-,C,A,0,Y,,,,Y,,A,01,1,0,0,0,1,0,0,0,0,"- ","- ",34.137079999999997,-117.9075,"LOS ANGELES",AZUSA,-117.90763199,34.137210000000003
8159263,2016,2016-11-04,1905,2016-10-19,0810,1089,124,3,5,4,1905,0,0,0,,0,063,"S CITRUS AV","BASELINE RD",0.00,,Y,A,-,N,,,,,,,,,,N,4,0,1,2,A,-,00,20001,B,F,G,B,B,A,H,-,A,A,0,Y,,,,Y,,A,08,0,0,1,0,1,0,0,0,0,"- ","- ",34.121409999999997,-117.89015999999999,"LOS ANGELES",AZUSA,-117.89016005000001,34.121430089999997
8159272,2016,2016-11-04,1900,2016-10-17,1945,521414,0562,1,5,3,1968,0,0,0,,0,5ST1PM,"DURFEE AV","THIENES AV",0.00,,Y,A,-,N,,,,,,,,,,N,4,0,1,2,A,-,10,21950,A,N,G,B,B,A,H,-,C,A,0,Y,,,,Y,,A,01,0,0,1,0,1,0,0,0,0,"- ","- ",,,"LOS ANGELES","SOUTH EL MONTE",-118.03299002,34.043190060000001
8159284,2016,2016-11-04,1942,2016-10-15,1800,39355,1936,6,5,7,1942,0,0,0,,0,21T65,RINALDI,ACALA,12.00,W,N,A,-,N,,,,,,,,,,Y,3,0,1,3,A,-,09,21804,A,N,D,C,C,A,H,-,C,D,0,Y,,,,Y,,A,07,0,1,0,0,1,0,0,0,0,"- ","- ",,,"LOS ANGELES","LOS ANGELES",-118.45326153000001,34.280800030000002
8159285,2016,2016-11-04,1942,2016-09-22,1655,34674,2158,4,5,7,1942,0,0,0,,0,35EL17,"DESOTO AV","EL RANCHO DR",4.00,S,N,A,-,N,,,,,,,,,,N,3,0,1,2,A,-,10,21950,A,N,G,B,B,A,H,-,A,A,0,Y,,,,Y,,A,01,0,1,0,0,1,0,0,0,0,"- ","- ",,,"LOS ANGELES","LOS ANGELES",-118.58861451,34.184719690000001
8159293,2016,2016-11-04,1942,2016-09-15,1430,38613,2126,4,5,7,1942,0,0,0,,0,19T12,"ROSCOE BL","DE SOTO AV",70.00,W,N,A,-,N,,,,,,,,,,N,4,0,1,2,A,-,07,21658,A,N,G,B,F,A,H,-,A,D,0,Y,,,,Y,,A,07,0,0,1,0,1,0,0,0,0,"- ","- ",,,"LOS ANGELES","LOS ANGELES",-118.58872117,34.219940000000001
8159310,2016,2016-11-04,1942,2016-09-15,1750,40060,2125,4,5,7,1942,0,0,0,,0,21XL28,"SATICOY ST","VASSAR AV",0.00,,Y,A,-,N,,,,,,,,,,N,3,0,1,2,A,-,11,21950,B,N,G,B,D,B,B,G,A,D,0,Y,,,,Y,,N,60,0,1,0,0,1,0,0,0,0,"- ","- ",,,"LOS ANGELES","LOS ANGELES",-118.60444003000001,34.208310099999998
8159349,2016,2016-11-04,1942,2016-09-30,0900,37093,2158,5,5,7,1942,0,0,0,,0,21A97,"ERWIN ST","CANOGA AV",0.00,,Y,A,-,N,,,,,,,,,,N,3,0,1,2,A,-,10,21950,A,N,G,B,B,A,H,-,A,A,0,Y,,,,Y,,-,,0,1,0,0,1,0,0,0,0,"- ","- ",,,"LOS ANGELES","LOS ANGELES",-118.59753001999999,34.182830109999998
8159353,2016,2017-02-09,1942,2016-09-29,1716,41198,1999,4,5,7,1942,0,0,0,,0,15TL42,"CANTARA ST","VENTURA CANYON AV",0.00,,Y,A,-,N,,,,,,,,,,N,3,0,1,2,A,-,10,21950,A,N,G,B,B,A,H,-,A,A,0,Y,,,,Y,,A,07,0,1,0,0,1,0,0,0,0,"- ","- ",,,"LOS ANGELES","LOS ANGELES",-118.42877005,34.219830029999997
8159682,2016,2016-11-07,1953,2016-10-14,1553,9226,1953,5,5,6,1953,0,0,0,,0,002,"ORANGE GROVE BL","FAIR OAKS AV",0.00,,Y,A,-,N,,,,,,,,,,N,2,0,1,2,A,-,10,21950,A,N,-,B,B,A,H,-,A,A,0,Y,,,,Y,,A,08,1,0,0,0,1,0,0,0,0,"- ","- ",,,"LOS ANGELES",PASADENA,-118.15058001,34.157790030000001
8159706,2016,2016-11-07,1953,2016-10-19,0849,7724,"LA CO",3,5,6,1953,0,0,0,,0,001,"FAIR OAKS AV","CONGRESS ST",0.00,,Y,A,-,N,,,,,,,,,,N,4,0,1,2,A,-,10,21950,A,N,G,B,B,A,H,-,A,A,0,Y,,,,Y,,A,01,0,0,1,0,1,0,0,0,0,"- ","- ",,,"LOS ANGELES",PASADENA,-118.15036007,34.134060050000002
8159775,2016,2016-11-07,1900,2016-10-26,0820,505177,0461,3,5,4,1936,0,0,0,,0,46T2,"HEFLIN DR","GARDENHILL DR",0.00,,Y,A,-,N,,,,,,,,,,N,4,0,1,2,A,-,10,21950,A,N,G,B,B,A,H,-,A,A,0,Y,,,,Y,,A,07,0,0,1,0,1,0,0,0,0,"- ","- ",,,"LOS ANGELES","LA MIRADA",-118.02124999999999,33.910770020000001
8159787,2016,2016-11-07,1900,2016-10-26,1355,548512,0451,3,5,6,1949,0,0,0,,0,45T1,"IMPERIAL HWY","STUDEBAKER RD",20.00,W,N,A,-,N,,,,,,,,,,N,4,0,1,2,A,-,09,21804,A,N,G,B,C,A,H,-,A,A,0,Y,,,,Y,,A,01,0,0,1,0,1,0,0,0,0,"- ","- ",,,"LOS ANGELES",NORWALK,-118.09937576,33.917178630000002
8159833,2016,2016-11-08,1953,2016-10-10,2232,2001,1953,1,5,6,1953,0,0,0,,0,002,"N OAKLAND AV","OAKLAND AV  840",0.00,N,N,A,-,N,,,,,,,,,,N,4,0,1,2,A,-,03,22350,,M,G,B,D,A,H,-,C,D,0,Y,,,,Y,Y,A,01,0,0,1,0,1,0,0,0,0,"- ","- ",,,"LOS ANGELES",PASADENA,-118.14031799999999,34.160358000000002
8159866,2016,2016-11-08,1942,2016-08-21,2155,35471,2175,7,5,7,1942,0,0,0,,0,9T53,"VENTURA BL","SALE AV",0.00,,Y,A,-,N,,,,,,,,,,N,2,0,1,2,A,-,12,21453,A,N,G,B,B,A,H,-,C,A,0,Y,,,,Y,,A,01,1,0,0,0,1,0,0,0,0,"- ","- ",,,"LOS ANGELES","LOS ANGELES",-118.61882013,34.167440079999999
8159878,2016,2016-11-08,1942,2016-08-25,2130,42120,1208,4,5,7,1942,0,0,0,L,0,12X59,"FIGUEROA ST","51ST ST",4.00,S,N,A,-,N,,,,,,,,,,N,4,0,1,2,A,-,10,21950,,M,G,B,B,A,H,-,C,A,0,Y,,,,Y,,-,99,0,0,1,0,1,0,0,0,0,"- ","- ",,,"LOS ANGELES","LOS ANGELES",-118.28270999999999,33.99646903
8159880,2016,2017-03-06,1900,2016-10-13,0631,524061,0560,4,5,3,1968,0,0,0,,0,55T1AM,"GARVEY AV","RT 164",19.00,S,N,A,-,Y,LA,7,164,-,-,4.810,I,6,S,N,3,0,1,2,D,-,00,,,N,G,B,C,A,H,-,B,A,0,Y,,,,Y,,-,"- ",0,1,0,0,1,0,0,0,0,"- ","- ",,,"LOS ANGELES","SOUTH EL MONTE",-118.06551992,34.062703220000003
8160090,2016,2017-01-21,1942,2016-09-30,1150,39473,2115,5,5,7,1942,0,0,0,,0,17TL16,"TOPANGA CANYON BL","STRATHERN ST",350.00,S,N,A,-,Y,LA,7,27,-,-,15.470,H,-,S,Y,2,0,1,3,A,-,03,22350,,N,G,B,E,A,H,-,A,D,0,Y,,,,Y,,A,01,1,0,0,0,1,0,0,0,0,"- ","- ",,,"LOS ANGELES","LOS ANGELES",-118.606065,34.214531030000003
8160407,2016,2016-11-08,1900,2016-10-20,1558,478142,2245,4,5,3,1989,0,0,0,,0,224T1P,"PARK GRANADA","PARK SORRENTO",0.00,,Y,A,-,N,,,,,,,,,,N,4,0,1,2,A,-,10,21950,A,N,G,B,B,A,H,-,A,A,0,Y,,,,Y,,A,01,0,0,1,0,1,0,0,0,0,"- ","- ",34.154699999999998,-118.64243999999999,"LOS ANGELES",CALABASAS,-118.64236006,34.154680020000001
8160444,2016,2016-12-09,1926,2016-10-26,0820,0022,,3,5,5,1926,0,0,0,,0,003,"PALM AV","LIVE OAK",0.00,,Y,A,-,N,,,,,,,,,,N,3,0,1,2,A,-,10,21950,A,N,D,B,-,A,H,-,A,A,0,Y,,,,Y,,A,01,0,1,0,0,1,0,0,0,0,"- ","- ",,,"LOS ANGELES",GLENDORA,-117.85495003,34.150590029999996
8160500,2016,2016-11-08,1900,2016-10-14,1530,295010,0629,5,5,6,1985,0,0,0,,0,60T2P,"LYONS AV","ORCHARD VILLAGE RD",210.00,E,N,A,-,N,,,,,,,,,,N,3,0,1,2,A,-,11,21955,,N,G,B,D,A,H,-,A,D,0,Y,,,,Y,,N,60,0,1,0,0,1,0,0,0,0,"- ","- ",,,"LOS ANGELES","SANTA CLARITA",-118.54018693,34.379870459999999
8160524,2016,2016-11-08,1900,2016-10-19,1720,476466,0641,3,5,6,1985,0,0,0,,0,64T1,"ALAMINOS DR","URBANDALE DR",10.00,E,N,A,-,N,,,,,,,,,,N,3,0,1,2,A,-,03,22350,,N,G,B,E,A,H,-,A,D,0,Y,,,,Y,,A,01,0,1,0,0,1,0,0,0,0,"- ","- ",,,"LOS ANGELES","SANTA CLARITA",-118.50724348999999,34.449136439999997
8160727,2016,2016-11-09,1942,2016-10-07,1415,2509B,RD154,5,5,7,1942,0,0,0,,0,15A44,"BURBANK BL","LAUREL CANYON BL",3.00,E,N,A,-,N,,,,,,,,,,N,4,0,1,2,A,-,10,21950,A,N,B,B,B,A,H,-,A,A,0,Y,,,Y,Y,,F,85,0,0,1,0,1,0,0,0,0,"- ","- ",,,"LOS ANGELES","LOS ANGELES",-118.3965001,34.172130000000003
8160730,2016,2016-11-09,1942,2016-10-19,1830,27792,1077,3,5,7,1942,0,0,0,J,0,10T35,"VENTURA BL","LOUISE AV",257.00,E,N,A,-,N,,,,,,,,,,N,3,0,1,2,A,-,11,21955,,N,G,B,D,A,H,-,C,A,0,Y,,,,Y,,A,01,0,1,0,0,1,0,0,0,0,"- ","- ",,,"LOS ANGELES","LOS ANGELES",-118.50896385,34.160723279999999
8160739,2016,2016-11-09,1942,2016-10-15,0845,40193,1091,6,5,7,1942,0,0,0,J,0,21TL67,"RESEDA BL","COUNTRY CLUB PL",470.00,N,N,A,-,N,,,,,,,,,,N,3,0,2,4,A,-,03,22350,,N,B,E,-,A,H,-,A,D,0,Y,,Y,,Y,,C,02,0,1,1,0,1,0,0,0,1,"- ","- ",,,"LOS ANGELES","LOS ANGELES",-118.5405695,34.14328347
8160741,2016,2016-11-21,1942,2016-10-11,1350,30511,1785,2,5,7,1942,0,0,0,Q,0,017,"NORDHOFF ST","RESEDA BL",100.00,E,N,A,-,N,,,,,,,,,,N,3,0,1,2,A,-,10,21952,,N,G,B,F,A,H,-,A,D,0,Y,,,,Y,,-,,0,1,0,0,1,0,0,0,0,"- ","- ",,,"LOS ANGELES","LOS ANGELES",-118.53575976,34.235444520000001
8160742,2016,2016-11-09,1942,2016-10-20,1755,35481,1077,4,5,7,1942,0,0,0,J,0,21TL62,"LOUISE AV","VENTURA BL",12.00,N,N,A,-,N,,,,,,,,,,N,4,0,1,2,A,-,10,21950,A,N,G,B,-,A,H,-,A,A,0,Y,,,,Y,,A,01,0,0,1,0,1,0,0,0,0,"- ","- ",,,"LOS ANGELES","LOS ANGELES",-118.50979941999999,34.160872910000002
8160748,2016,2016-11-14,1942,2016-10-10,1830,39795,1519,1,5,7,1942,0,0,0,O,0,15A27,"DENNY AV","DENNY AV 6430",0.00,,-,A,-,N,,,,,,,,,,N,4,0,1,2,A,-,11,21954,A,N,G,B,E,A,H,-,B,D,0,Y,,,,Y,,N,60,0,0,1,0,1,0,0,0,0,"- ","- ",,,"LOS ANGELES","LOS ANGELES",-118.364891,34.187663000000001
8160750,2016,2016-11-09,1942,2016-10-06,0710,26347,1701,4,5,7,1942,0,0,0,Q,0,17A23,"ARBELLA PL","AZURITA CT",50.00,E,N,A,-,N,,,,,,,,,,N,3,0,1,2,A,-,11,21954,A,N,G,B,E,A,H,-,A,D,0,Y,,,,Y,,N,60,0,1,0,0,1,0,0,0,0,"- ","- ",,,"LOS ANGELES","LOS ANGELES",-118.57866300000001,34.292608999999999
8160778,2016,2016-11-08,1942,2016-10-21,0750,33504,0916,5,5,7,1942,0,0,0,I,0,19TL77,"HART ST","COSTELLO AV",0.00,,Y,A,-,N,,,,,,,,,,N,2,0,2,3,A,-,03,22350,,N,G,B,B,A,H,-,A,A,0,Y,,,,Y,,A,07,1,1,0,0,2,0,0,0,0,"- ","- ",,,"LOS ANGELES","LOS ANGELES",-118.43783000000001,34.197550069999998
8160782,2016,2016-11-09,1942,2016-10-18,1655,32361,0923,2,5,7,1942,0,0,0,I,0,15A33,"KITTRIDGE ST","VAN NUYS BL",0.00,,Y,A,-,N,,,,,,,,,,N,4,0,1,2,A,-,10,21950,A,N,G,B,B,A,H,-,A,D,0,Y,,,,Y,,A,01,0,0,1,0,1,0,0,0,0,"- ","- ",,,"LOS ANGELES","LOS ANGELES",-118.44873006,34.190660090000002
8160805,2016,2016-11-10,1942,2016-10-01,1935,38354,1637,6,5,7,1942,0,0,0,P,0,9T53,"TUJUNGA CANYON BL","COMMERCE AV",9.00,W,N,A,-,N,,,,,,,,,,N,2,0,2,3,A,-,10,21950,A,N,G,B,B,A,H,-,C,A,0,Y,,,,Y,,A,01,1,1,0,0,2,0,0,0,0,"- ","- ",,,"LOS ANGELES","LOS ANGELES",-118.28865954,34.250232769999997
8160813,2016,2016-11-10,1942,2016-10-01,1215,38996,1656,6,5,7,1942,0,0,0,P,0,19TL72,"FOOTHILL BL","SCOVILLE AV",0.00,,Y,A,-,N,,,,,,,,,,N,3,0,1,2,A,-,11,21966,,N,G,B,E,A,H,-,A,D,0,Y,,,,Y,,N,60,0,1,0,0,1,0,0,0,0,"- ","- ",,,"LOS ANGELES","LOS ANGELES",-118.31400001999999,34.259690020000001
8160818,2016,2016-11-10,1942,2016-10-25,1620,33779,994,2,5,7,1942,0,0,0,,0,15TL44,"STANSBURY AV","VALLEY VISTA BL",8.00,N,N,A,-,N,,,,,,,,,,N,3,0,1,2,A,-,11,21954,A,N,D,C,E,A,H,-,A,A,0,Y,,,,Y,,N,60,0,1,0,0,1,0,0,0,0,"- ","- ",,,"LOS ANGELES","LOS ANGELES",-118.44145886,34.143149889999997
8160825,2016,2016-11-10,1942,2016-10-03,1540,38264,1611,1,5,7,1942,0,0,0,P,0,0W2,"EUSTACE ST","BRADLEY AV",0.00,,Y,A,-,N,,,,,,,,,,N,4,0,1,2,A,-,11,21956,A,N,G,B,D,A,H,-,A,D,0,Y,,,,Y,,-,,0,0,1,0,1,0,0,0,0,"- ","- ",,,"LOS ANGELES","LOS ANGELES",-118.42585003000001,34.276030069999997
8160830,2016,2016-11-10,1942,2016-10-21,1600,38676,1063,5,5,7,1942,0,0,0,J,0,10A25,RESEDA,CLARK,0.00,,Y,A,-,N,,,,,,,,,,N,4,0,1,2,A,-,10,21950,A,N,G,B,B,A,H,-,A,A,0,Y,,,,Y,,-,,0,0,1,0,1,0,0,0,0,"- ","- ",,,"LOS ANGELES","LOS ANGELES",-118.53600011,34.170370079999998
8160833,2016,2016-11-10,1942,2016-10-04,1230,38613,1602,2,5,7,1942,0,0,0,P,0,15TL46,"VAN NUYS BL","FOOTHILL BL",30.00,W,N,A,-,N,,,,,,,,,,N,4,0,1,2,A,-,10,21950,A,N,G,B,B,A,H,-,A,A,0,Y,,,,Y,,A,01,0,0,1,0,1,0,0,0,0,"- ","- ",,,"LOS ANGELES","LOS ANGELES",-118.40195383,34.280795099999999
8160854,2016,2016-11-10,1942,2016-10-24,1700,26319,1063,1,5,7,1942,0,0,0,J,0,19TL74,"YOLANDA AV","CLARK ST",0.00,,Y,A,-,N,,,,,,,,,,N,3,0,1,2,A,-,10,21950,A,N,G,B,B,A,H,-,A,D,0,Y,,,,Y,,A,07,0,1,0,0,1,0,0,0,0,"- ","- ",,,"LOS ANGELES","LOS ANGELES",-118.54073,34.171630039999997
8160856,2016,2016-11-09,1941,2016-10-21,1556,5615,,5,5,7,1941,0,0,0,,0,,"7TH ST","LOMA AV",0.00,,Y,A,-,N,,,,,,,,,,N,3,0,1,2,A,-,11,21950,B,N,G,B,D,A,H,-,A,A,0,Y,,,,Y,,N,,0,1,0,0,1,0,0,0,0,"- ","- ",,,"LOS ANGELES","LONG BEACH",-118.15027005,33.775340100000001
8160859,2016,2016-12-15,1942,2016-10-17,0750,36307,0985,1,5,7,1942,0,0,0,I,0,9A5,HAZELTINE,MILBANK,0.00,,Y,B,-,N,,,,,,,,,,N,4,0,1,2,A,-,10,21950,A,N,G,B,B,B,H,-,A,A,0,Y,,,,Y,,-,,0,0,1,0,1,0,0,0,0,"- ","- ",,,"LOS ANGELES","LOS ANGELES",-118.43999005000001,34.153020079999997
8160884,2016,2016-11-09,1942,2016-10-18,1520,38105,2156,2,5,7,1942,0,0,0,,0,21FB2,"TOPANGA CANYON BL","VANOWEN ST",0.00,,Y,A,-,N,,,,,,,,,,N,4,0,1,2,B,-,22,,,F,G,B,F,A,H,-,A,-,0,Y,,,,Y,,-,99,0,0,1,0,1,0,0,0,0,"- ","- ",,,"LOS ANGELES","LOS ANGELES",-118.60591008999999,34.193750100000003
8160903,2016,2016-11-09,1942,2016-10-14,1235,41747,1822,5,5,7,1942,0,0,0,R,0,15T23,"FIGUEROA ST","COLDEN AV",6.00,S,N,A,-,N,,,,,,,,,,N,4,0,1,2,A,-,10,21950,A,N,G,B,B,A,H,-,A,A,0,Y,,,,Y,,A,01,0,0,1,0,1,0,0,0,0,"- ","- ",,,"LOS ANGELES","LOS ANGELES",-118.28270000000001,33.949143540000001
8160905,2016,2016-12-27,1942,2016-10-18,1950,34599,1958,2,5,7,1942,0,0,0,,0,15T43,"CANTERBURY AV","CARL ST",440.00,S,N,A,-,N,,,,,,,,,,N,3,0,1,2,A,-,11,21954,A,F,G,B,E,A,H,-,D,D,0,Y,,,,Y,,N,60,0,1,0,0,1,0,0,0,0,"- ","- ",,,"LOS ANGELES","LOS ANGELES",-118.44302666999999,34.247091910000002
8160906,2016,2016-11-08,1942,2016-10-22,1420,37578,1566,6,5,7,1942,0,0,0,O,0,15A68,"LANKERSHIM BL","RIVERSIDE DR",0.00,,Y,A,-,N,,,,,,,,,,N,4,0,1,2,A,-,10,21950,A,N,G,B,B,A,H,-,A,A,0,Y,,,,Y,,A,01,0,0,1,0,1,0,0,0,0,"- ","- ",,,"LOS ANGELES","LOS ANGELES",-118.36701013,34.152270010000002
8160907,2016,2016-11-09,1942,2016-10-15,1630,37523,1849,6,5,7,1942,0,0,0,R,0,18H51,"115TH ST","GRAPE ST",150.00,E,N,A,-,N,,,,,,,,,,N,3,0,1,2,A,-,11,21954,A,F,G,B,D,A,H,-,A,D,0,Y,,,,Y,,N,60,0,1,0,0,1,0,0,0,0,"- ","- ",,,"LOS ANGELES","LOS ANGELES",-118.23585846,33.930479349999999
8160908,2016,2016-11-09,1942,2016-10-17,1340,38525,2158,1,5,7,1942,0,0,0,,0,21A2,"VICTORY BL","WINNETKA AV",0.00,,Y,A,-,N,,,,,,,,,,N,4,0,1,2,A,-,10,21950,A,F,G,B,B,A,H,-,A,A,0,Y,,,,Y,,-,99,0,0,1,0,1,0,0,0,0,"- ","- ",,,"LOS ANGELES","LOS ANGELES",-118.57097004000001,34.18573001
8160915,2016,2016-11-09,1942,2016-10-04,1922,41704,1802,2,5,7,1942,0,0,0,R,0,25EL3,"MANCHESTER AV","MAIN ST",5.00,W,N,A,-,N,,,,,,,,,,N,3,0,1,2,A,-,11,21456,A,N,A,B,B,A,H,-,C,A,0,Y,,,,Y,,N,60,0,1,0,0,1,0,0,0,0,"- ","- ",,,"LOS ANGELES","LOS ANGELES",-118.27389646,33.960090000000001
8160923,2016,2016-11-21,1942,2016-10-10,2230,40729,1862,1,5,7,1942,0,0,0,R,0,18T23,"IMPERIAL HWY","FIGUEROA ST",0.00,,Y,A,-,N,,,,,,,,,,N,4,0,1,2,A,-,10,21950,A,F,G,B,B,A,H,-,A,A,0,Y,,,,Y,,-,99,0,0,1,0,1,0,0,0,0,"- ","- ",,,"LOS ANGELES","LOS ANGELES",-118.28260005999999,33.931000099999999
8160927,2016,2016-11-09,1942,2016-10-08,2230,37618,1821,6,5,7,1942,0,0,0,R,0,5T21,"CENTURY BL","HOOVER ST",230.00,E,N,A,-,N,,,,,,,,,,N,4,0,1,2,A,-,11,21956,A,F,G,B,E,A,H,-,C,D,0,Y,,,,Y,,N,60,0,0,1,0,1,0,0,0,0,"- ","- ",,,"LOS ANGELES","LOS ANGELES",-118.28621312999999,33.94551139
8160935,2016,2016-11-08,1942,2016-10-01,0025,40971,1821,6,5,7,1942,0,0,0,R,0,12T41,"FIGUEROA ST","95TH ST",13.00,S,N,A,-,N,,,,,,,,,,N,3,0,1,2,A,-,10,21950,A,F,G,B,B,A,H,-,C,A,0,Y,,,,Y,,-,99,0,1,0,0,1,0,0,0,0,"- ","- ",,,"LOS ANGELES","LOS ANGELES",-118.28271838000001,33.950054369999997
8160937,2016,2016-11-09,1942,2016-10-05,1950,40029,1793,3,5,7,1942,0,0,0,Q,0,17X82,"VANALDEN AV","PARTHENIA ST",0.00,,Y,A,-,N,,,,,,,,,,N,3,0,1,2,A,-,11,21954,A,N,G,B,E,A,H,-,C,D,0,Y,,,,Y,,N,60,0,1,0,0,1,0,0,0,0,"- ","- ",,,"LOS ANGELES","LOS ANGELES",-118.54921007,34.228250029999998
8160956,2016,2016-11-09,1942,2016-10-21,1636,40574,1826,5,5,7,1942,0,0,0,R,0,18X36,"COMPTON AV","92ND ST",0.00,,Y,A,-,N,,,,,,,,,,N,3,0,1,2,A,-,10,21950,A,N,G,B,B,A,H,-,A,A,0,Y,,,,Y,,A,01,0,1,0,0,1,0,0,0,0,"- ","- ",,,"LOS ANGELES","LOS ANGELES",-118.24751001,33.953340099999998
8160993,2016,2016-11-09,1942,2016-10-04,0715,35346,1047,2,5,7,1942,0,0,0,J,0,10T47,"BURBANK BL","BALBOA BL",700.00,W,N,A,-,N,,,,,,,,,,N,3,0,1,2,A,-,11,21954,A,N,G,B,D,A,H,-,A,A,0,Y,,,,Y,,N,60,0,1,0,0,1,0,0,0,0,"- ","- ",,,"LOS ANGELES","LOS ANGELES",-118.50350014999999,34.172224579999998