CASE_ID,ACCIDENT_YEAR,PROC_DATE,JURIS,COLLISION_DATE,COLLISION_TIME,OFFICER_ID,REPORTING_DISTRICT,DAY_OF_WEEK,CHP_SHIFT,POPULATION,CNTY_CITY_LOC,SPECIAL_COND,BEAT_TYPE,CHP_BEAT_TYPE,CITY_DIVISION_LAPD,CHP_BEAT_CLASS,BEAT_NUMBER,PRIMARY_RD,SECONDARY_RD,DISTANCE,DIRECTION,INTERSECTION,WEATHER_1,WEATHER_2,STATE_HWY_IND,CALTRANS_COUNTY,CALTRANS_DISTRICT,STATE_ROUTE,ROUTE_SUFFIX,POSTMILE_PREFIX,POSTMILE,LOCATION_TYPE,RAMP_INTERSECTION,SIDE_OF_HWY,TOW_AWAY,COLLISION_SEVERITY,NUMBER_KILLED,NUMBER_INJURED,PARTY_COUNT,PRIMARY_COLL_FACTOR,PCF_CODE_OF_VIOL,PCF_VIOL_CATEGORY,PCF_VIOLATION,PCF_VIOL_SUBSECTION,HIT_AND_RUN,TYPE_OF_COLLISION,MVIW,PED_ACTION,ROAD_SURFACE,ROAD_COND_1,ROAD_COND_2,LIGHTING,CONTROL_DEVICE,CHP_ROAD_TYPE,PEDESTRIAN_ACCIDENT,BICYCLE_ACCIDENT,MOTORCYCLE_ACCIDENT,TRUCK_ACCIDENT,NOT_PRIVATE_PROPERTY,ALCOHOL_INVOLVED,STWD_VEHTYPE_AT_FAULT,CHP_VEHTYPE_AT_FAULT,COUNT_SEVERE_INJ,COUNT_VISIBLE_INJ,COUNT_COMPLAINT_PAIN,COUNT_PED_KILLED,COUNT_PED_INJURED,COUNT_BICYCLIST_KILLED,COUNT_BICYCLIST_INJURED,COUNT_MC_KILLED,COUNT_MC_INJURED,PRIMARY_RAMP,SECONDARY_RAMP,LATITUDE,LONGITUDE,COUNTY,CITY,POINT_X,POINT_Y
8284075,2016,2017-05-08,1942,2016-12-16,1755,40099,0138,5,5,7,1942,0,0,0,A,0,24T52,"4TH ST","OMAR ST",14.00,S,N,A,-,N,,,,,,,,,,Y,1,1,2,3,A,-,08,22100,B,N,D,B,F,A,H,-,C,D,0,Y,,,,Y,,A,01,0,0,2,1,0,0,0,0,0,"- ","- ",,,"LOS ANGELES","LOS ANGELES",-118.24221315,34.045366909999998
8284382,2016,2017-02-21,1942,2016-12-06,0920,35291,1146,2,5,7,1942,0,0,0,K,0,24T21,"RIPPLE PL","GLENEDEN ST",605.00,N,N,B,-,N,,,,,,,,,,N,3,0,1,2,B,-,22,,,N,G,B,E,A,D,-,A,D,0,Y,,,Y,Y,,F,26,0,1,0,0,1,0,0,0,0,"- ","- ",,,"LOS ANGELES","LOS ANGELES",-118.24918,34.107570000000003
8284409,2016,2017-01-23,1942,2016-12-15,1630,40821,1149,4,5,7,1942,0,0,0,K,0,11G72,"AVE 52","FIGUEROA ST",0.00,,Y,C,-,N,,,,,,,,,,N,4,0,1,2,A,-,10,21950,A,N,G,B,B,B,H,-,C,A,0,Y,,,,Y,,A,07,0,0,1,0,1,0,0,0,0,"- ","- ",,,"LOS ANGELES","LOS ANGELES",-118.19951005999999,34.106280060000003
8284454,2016,2017-01-23,1942,2016-12-03,0115,36698,1141,6,5,7,1942,0,0,0,K,0,24T31W,"VERMONT AV","RUSSELL AV",0.00,,Y,A,-,N,,,,,,,,,,Y,4,0,1,2,A,-,10,21950,A,N,G,B,B,A,H,-,C,A,0,Y,,,,Y,Y,A,01,0,0,1,0,1,0,0,0,0,"- ","- ",,,"LOS ANGELES","LOS ANGELES",-118.29179005,34.104490079999998
8284459,2016,2017-02-08,1942,2016-12-02,1530,38614,1118,5,5,7,1942,0,0,0,K,0,11A1,"MONTE VISTA ST","AVE 57",0.00,,Y,G,-,N,,,,,,,,,,N,4,0,1,2,A,-,00,29150,A,N,G,B,B,A,H,-,A,A,0,Y,,,,Y,,A,01,0,0,1,0,1,0,0,0,0,"- ","- ",,,"LOS ANGELES","LOS ANGELES",-118.19443003000001,34.111770040000003
8284504,2016,2017-02-15,1942,2016-12-16,1255,41376,0835,5,5,7,1942,0,0,0,H,0,7TL38,"VETERAN AV","SANTA MONICA BL",0.00,,Y,A,-,N,,,,,,,,,,N,3,0,1,2,A,-,10,21950,A,N,G,B,B,A,H,-,A,A,0,Y,,,,Y,,A,07,0,1,0,0,1,0,0,0,0,"- ","- ",,,"LOS ANGELES","LOS ANGELES",-118.4401301,34.048920070000001
8284596,2016,2017-01-23,1942,2016-11-18,2200,39840,0182,5,5,7,1942,0,0,0,A,0,24T31,"HOPE ST","11TH ST",0.00,,Y,A,-,N,,,,,,,,,,N,4,0,1,2,A,-,10,21950,A,N,-,B,B,A,H,-,C,A,0,Y,,,,Y,,A,01,0,0,1,0,1,0,0,0,0,"- ","- ",,,"LOS ANGELES","LOS ANGELES",-118.2630501,34.042260050000003
8284603,2016,2017-01-23,1942,2016-11-20,0855,37611,1107,7,5,7,1942,0,0,0,K,0,24T27,"NOLDEN ST","WILDWOOD DR",10.00,S,N,A,-,N,,,,,,,,,,N,4,0,1,2,A,-,05,21650,,N,G,B,E,A,H,-,A,D,0,Y,,,,Y,,A,01,0,0,1,0,1,0,0,0,0,"- ","- ",,,"LOS ANGELES","LOS ANGELES",-118.19424945,34.130388549999999
8284604,2016,2017-01-23,1942,2016-11-29,1625,38599,0111,2,5,7,1942,0,0,0,A,0,4A59,BROADWAY,COLLEGE,700.00,S,N,A,-,N,,,,,,,,,,N,2,0,1,2,A,-,11,21955,,N,G,B,D,A,H,-,A,D,0,Y,,,,Y,,N,60,1,0,0,0,1,0,0,0,0,"- ","- ",,,"LOS ANGELES","LOS ANGELES",-118.23838651,34.062264810000002
8284608,2016,2017-01-23,1942,2016-11-29,0715,35291,0105,2,5,7,1942,0,0,0,A,0,24T22,"N BROADWAY","SOLANO AV",10.00,E,N,A,-,N,,,,,,,,,,N,4,0,2,3,A,-,10,21950,A,N,G,B,B,A,H,-,A,A,0,Y,,,,Y,,A,07,0,0,2,0,2,0,0,0,0,"- ","- ",,,"LOS ANGELES","LOS ANGELES",-118.23013211,34.071014609999999
8284631,2016,2017-01-23,1942,2016-11-12,2230,37409,1119,6,5,7,1942,0,0,0,K,0,11A71,"FIGUEROA ST","CRESTWOOD WY",0.00,,Y,A,-,N,,,,,,,,,,N,4,0,1,3,A,-,03,22350,,M,B,B,E,A,H,-,C,D,0,Y,,,,Y,,-,99,0,0,1,0,1,0,0,0,0,"- ","- ",,,"LOS ANGELES","LOS ANGELES",-118.18878007000001,34.131060099999999
8284877,2016,2017-01-27,1942,2016-12-20,1405,40690,0701,2,5,7,1942,0,0,0,G,0,6TL7,"LA CIENEGA BL","SHERWOOD DR",12.00,N,N,A,-,N,,,,,,,,,,N,4,0,1,2,A,-,10,21950,A,N,G,B,B,A,H,-,A,D,0,Y,,,Y,Y,,F,21,0,0,1,0,1,0,0,0,0,"- ","- ",,,"LOS ANGELES","LOS ANGELES",-118.37649,34.084872910000001
8285043,2016,2017-01-24,1942,2016-11-19,2330,36738,1213,6,5,7,1942,0,0,0,L,0,25T90,"WESTERN AV",SLAUSON,4.00,S,N,C,-,N,,,,,,,,,,N,3,0,1,2,A,-,00,20015,,F,G,-,B,B,H,-,C,D,0,Y,,,,Y,,-,"- ",0,1,0,0,1,0,0,0,0,"- ","- ",,,"LOS ANGELES","LOS ANGELES",-118.30895,33.989139029999997
8285057,2016,2017-01-24,1942,2016-12-07,0030,42465,LAPD,3,5,7,1942,0,0,0,,0,11A1,"SAN FERNANDO RD","ARVIA ST",0.00,,Y,A,-,N,,,,,,,,,,N,3,0,1,2,A,-,10,21950,A,F,G,B,B,A,H,-,C,A,0,Y,,,,Y,,-,,0,1,0,0,1,0,0,0,0,"- ","- ",,,"LOS ANGELES","LOS ANGELES",-118.23116001,34.095090069999998
8285058,2016,2017-01-24,1942,2016-12-18,1705,40452,0717,7,5,7,1942,0,0,0,G,0,7TL38,"OAKWOOD AV","SYCAMORE AV",160.00,E,N,A,-,N,,,,,,,,,,N,3,0,1,2,A,-,11,21955,,N,G,B,D,A,H,-,D,D,0,Y,,,,Y,,N,60,0,1,0,0,1,0,0,0,0,"- ","- ",,,"LOS ANGELES","LOS ANGELES",-118.34242266,34.078284979999999
8285069,2016,2017-01-24,1942,2016-12-02,0740,40275,0237,5,5,7,1942,0,0,0,B,0,24TL23,"2ND ST","BEAUDRY AV",7.00,W,N,A,-,N,,,,,,,,,,N,4,0,1,2,A,-,10,21950,A,F,G,B,B,A,H,-,A,A,0,Y,,,,Y,,-,99,0,0,1,0,1,0,0,0,0,"- ","- ",,,"LOS ANGELES","LOS ANGELES",-118.25532800000001,34.057952
8285073,2016,2017-01-24,1942,2016-12-14,1855,39062,1148,3,5,7,1942,0,0,0,K,0,24T32,"MONTE VISTA ST","MARMION WY",0.00,,Y,A,-,N,,,,,,,,,,Y,3,0,3,4,A,-,08,22107,,N,E,I,E,A,H,-,C,D,0,Y,,,,Y,,A,01,0,1,2,0,1,0,0,0,0,"- ","- ",,,"LOS ANGELES","LOS ANGELES",-118.20557005000001,34.10606001
8285079,2016,2017-01-24,1942,2016-11-18,0715,41545,1243,5,5,7,1942,0,0,0,L,0,25T90,"70TH ST","VAN NESS ST",0.00,,Y,A,-,N,,,,,,,,,,N,4,0,1,2,A,-,00,20015,,F,G,B,B,A,H,-,A,A,0,Y,,,,Y,,-,99,0,0,1,0,1,0,0,0,0,"- ","- ",,,"LOS ANGELES","LOS ANGELES",-118.31775007,33.976380040000002
8285093,2016,2017-01-24,1942,2016-12-15,1855,42230,0238,4,5,7,1942,0,0,0,B,0,2A76,"TEMPLE ST","PATTON ST",0.00,,Y,C,-,N,,,,,,,,,,N,3,0,1,2,A,-,10,21950,A,N,A,B,B,B,H,-,C,D,0,Y,,,,Y,,-,,0,1,0,0,1,0,0,0,0,"- ","- ",,,"LOS ANGELES","LOS ANGELES",-118.25776005,34.067510059999996
8285094,2016,2017-01-24,1942,2016-12-21,1920,42586,0706,3,5,7,1942,0,0,0,G,0,7A17,"BEVERLY BL","HIGHLAND AV",0.00,,Y,C,-,N,,,,,,,,,,N,4,0,1,2,A,-,00,22453,A,F,H,B,B,B,H,-,C,A,0,Y,,,,Y,,-,99,0,0,1,0,1,0,0,0,0,"- ","- ",,,"LOS ANGELES","LOS ANGELES",-118.33865006000001,34.076190099999998
8285098,2016,2017-01-24,1942,2016-12-19,2005,42342,0729,1,5,7,1942,0,0,0,G,0,7A1,"1ST ST","GOWER ST",0.00,,Y,A,-,N,,,,,,,,,,N,3,0,2,3,A,-,10,21950,A,N,G,B,B,A,H,-,C,D,0,Y,,,,Y,,A,01,0,1,1,0,2,0,0,0,0,"- ","- ",,,"LOS ANGELES","LOS ANGELES",-118.32262004,34.072840030000002
8285101,2016,2017-01-24,1942,2016-12-15,1900,40354,RD024,4,5,7,1942,0,0,0,,0,2G12,"6TH ST","ALVARADO BL",0.00,,Y,C,G,N,,,,,,,,,,N,4,0,1,2,A,-,11,21955,,N,G,B,D,B,H,-,C,A,0,Y,,,,Y,Y,N,60,0,0,1,0,1,0,0,0,0,"- ","- ",,,"LOS ANGELES","LOS ANGELES",-118.27487001,34.059540079999998
8285102,2016,2017-01-24,1942,2016-12-24,2200,25495,0762,6,5,7,1942,0,0,0,G,0,7T23,"LA CIENEGA BL","PICKFORD PL",110.00,S,N,A,-,N,,,,,,,,,,N,4,0,1,2,A,-,21,22106,,F,G,B,E,A,H,-,C,D,0,Y,,,,Y,,-,99,0,0,1,0,1,0,0,0,0,"- ","- ",,,"LOS ANGELES","LOS ANGELES",-118.37616,34.047868289999997
8285115,2016,2017-01-23,1942,2016-11-09,1330,37715,0715,3,5,7,1942,0,0,0,G,0,7TL38W,"FORMOSA AV","ROSEWOOD AV",0.00,,Y,A,-,N,,,,,,,,,,N,4,0,1,2,A,-,10,21950,A,N,G,B,E,A,H,-,A,D,0,Y,,,,Y,,A,07,0,0,1,0,1,0,0,0,0,"- ","- ",,,"LOS ANGELES","LOS ANGELES",-118.34625010000001,34.080260060000001
8285135,2016,2017-01-25,1942,2016-12-02,0900,38398,LOSAN,5,5,7,1942,0,0,0,,0,6A15,"MELROSE AV","ALTA VISTA",100.00,E,N,A,-,N,,,,,,,,,,N,4,0,1,2,A,-,11,21954,A,N,G,B,D,A,H,-,A,D,0,Y,,,,Y,,N,60,0,0,1,0,1,0,0,0,0,"- ","- ",,,"LOS ANGELES","LOS ANGELES",-118.34713049,34.083522680000002
8285159,2016,2017-01-25,1942,2016-12-22,1145,40824,0745,4,5,7,1942,0,0,0,G,0,7A33,"HAUSER BL","8TH ST",0.00,,Y,C,-,N,,,,,,,,,,N,4,0,1,2,A,-,10,21950,A,N,G,B,B,B,H,-,A,A,0,Y,,,,Y,,-,,0,0,1,0,1,0,0,0,0,"- ","- ",,,"LOS ANGELES","LOS ANGELES",-118.35209999999999,34.060650029999998
8285175,2016,2017-01-25,1942,2016-12-21,1640,31255,0724,3,5,7,1942,0,0,0,G,0,14TL52,"THE GROVE DR","CARUSO PL",0.00,,Y,A,-,N,,,,,,,,,,N,4,0,1,2,A,-,10,21954,B,N,G,B,E,A,H,-,A,A,0,Y,,,,Y,,A,01,0,0,1,0,1,0,0,0,0,"- ","- ",,,"LOS ANGELES","LOS ANGELES",-118.35631003,34.072950030000001
8285188,2016,2017-01-24,1942,2016-12-20,1930,42087,0317,2,5,7,1942,0,0,0,C,0,3463,"24TH ST","BUDLONG AV",50.00,E,N,A,-,N,,,,,,,,,,N,4,0,1,2,A,-,11,21954,A,N,G,B,D,A,H,-,D,D,0,Y,,,,Y,,N,60,0,0,1,0,1,0,0,0,0,"- ","- ",,,"LOS ANGELES","LOS ANGELES",-118.29628529,34.034550000000003
8285209,2016,2017-01-31,1942,2016-12-21,2350,34599,1735,3,5,7,1942,0,0,0,Q,0,17T17,"BALBOA BL","SAN FERNANDO MISSION BL",0.00,,Y,C,-,N,,,,,,,,,,N,4,0,1,2,A,-,00,21955,A,N,G,B,D,B,H,-,C,A,0,Y,,,,Y,Y,N,60,0,0,1,0,1,0,0,0,0,"- ","- ",,,"LOS ANGELES","LOS ANGELES",-118.50220006000001,34.272050010000001
8285211,2016,2017-01-30,1942,2016-12-07,1750,40873,1127,3,5,7,1942,0,0,0,K,0,11A26,"FIGUEROA ST","PIEDMONT AV",0.00,,Y,A,-,N,,,,,,,,,,N,3,0,1,2,A,-,10,21950,A,F,G,B,D,A,H,-,C,D,0,Y,,,,Y,,-,,0,1,0,0,1,0,0,0,0,"- ","- ",,,"LOS ANGELES","LOS ANGELES",-118.18568006,34.114150109999997
8285219,2016,2017-06-17,1942,2016-12-16,0840,38095,1502,5,5,7,1942,0,0,0,O,0,15A33W,"BELLAIRE AV","STAGG ST",0.00,,Y,B,-,N,,,,,,,,,,N,4,0,1,2,A,-,10,21950,C,N,G,B,D,B,-,-,A,A,0,Y,,,,Y,,-,99,0,0,1,0,1,0,0,0,0,"- ","- ",,,"LOS ANGELES","LOS ANGELES",-118.41077006,34.211730109999998
8285222,2016,2017-02-01,1942,2016-12-12,1900,36839,1531,1,5,7,1942,0,0,0,O,0,15A39,"MIRANDA ST","BELLAIRE AV",300.00,E,N,A,-,N,,,,,,,,,,N,4,0,1,2,A,-,21,22106,,N,C,B,-,A,H,-,C,D,0,Y,,,,Y,,A,01,0,0,1,0,1,0,0,0,0,"- ","- ",,,"LOS ANGELES","LOS ANGELES",-118.40844002,34.174852889999997
8285226,2016,2017-01-31,1942,2016-12-20,1650,42228,1555,2,5,7,1942,0,0,0,O,0,15A39,"KLUMP AV","PEACHGROVE ST",30.00,N,N,A,-,N,,,,,,,,,,Y,3,0,1,3,A,-,03,22350,,N,C,E,E,A,H,-,A,D,0,Y,,,,Y,,A,01,0,1,0,0,1,0,0,0,0,"- ","- ",,,"LOS ANGELES","LOS ANGELES",-118.37575102,34.159212279999998
8285239,2016,2017-01-30,1942,2016-12-21,2130,37022,1792,3,5,7,1942,0,0,0,Q,0,21A29,WINNETKA,ROSCOE,0.00,,Y,C,G,N,,,,,,,,,,N,4,0,2,2,A,-,10,21950,A,N,G,B,B,B,-,-,C,A,0,Y,,,,Y,,-,,0,0,2,0,1,0,0,0,0,"- ","- ",,,"LOS ANGELES","LOS ANGELES",-118.57105005,34.220250049999997
8285253,2016,2017-01-31,1942,2016-12-22,2120,36542,1745,4,5,7,1942,0,0,0,Q,0,17A35,"BALBOA BL","BLACKHAWK ST",0.00,,Y,A,-,N,,,,,,,,,,N,4,0,1,2,A,-,08,22107,,N,B,B,B,A,H,-,C,D,0,Y,,,,Y,,A,01,0,0,1,0,1,0,0,0,0,"- ","- ",,,"LOS ANGELES","LOS ANGELES",-118.50231011,34.258890030000003
8285255,2016,2017-01-31,1942,2016-12-22,1825,33779,1722,4,5,7,1942,0,0,0,Q,0,15TL44,"DEVONSHIRE ST","CANOGA AV",0.00,,Y,A,-,N,,,,,,,,,,N,3,0,1,2,A,-,10,21950,A,N,G,B,B,A,H,-,C,A,0,Y,,,,Y,,A,07,0,1,0,0,1,0,0,0,0,"- ","- ",,,"LOS ANGELES","LOS ANGELES",-118.59733007,34.257240019999998
8285257,2016,2017-02-06,1942,2016-12-15,1740,38743,1785,4,5,7,1942,0,0,0,Q,0,17X82,"RESEDA BL","DEARBORN ST",0.00,,Y,C,-,N,,,,,,,,,,N,4,0,1,2,A,-,09,21801,A,N,G,B,B,B,H,-,C,A,0,Y,,,,Y,,-,,0,0,1,0,1,0,0,0,0,"- ","- ",,,"LOS ANGELES","LOS ANGELES",-118.53608008,34.237310039999997
8285261,2016,2017-03-21,1942,2016-12-09,0650,33504,1761,5,5,7,1942,0,0,0,Q,0,10TL77,"LASSEN ST","REMMET AV",132.00,E,N,A,-,N,,,,,,,,,,Y,2,0,2,3,A,-,03,22350,,N,E,B,E,A,H,-,A,D,0,Y,,,,Y,,A,01,2,0,0,0,2,0,0,0,0,"- ","- ",,,"LOS ANGELES","LOS ANGELES",-118.600004,34.249996320000001
8285265,2016,2017-01-31,1942,2016-12-30,1940,41158,1783,5,5,7,1942,0,0,0,Q,0,19T73,"HORDHOFF ST","TAMPA AV",322.00,W,N,B,C,N,,,,,,,,,,N,4,0,1,2,A,-,11,21955,,N,D,B,D,B,H,-,C,A,0,Y,,,,Y,,N,60,0,0,1,0,1,0,0,0,0,"- ","- ",,,"LOS ANGELES","LOS ANGELES",-118.55463399999999,34.235492000000001
8285270,2016,2017-02-06,1942,2016-12-15,1935,40108,17,4,5,7,1942,0,0,0,Q,0,17A67,"OSO AV","ROSCOE BL",0.00,,Y,B,C,N,,,,,,,,,,N,3,0,1,2,A,-,10,21950,A,N,H,B,B,B,H,-,C,A,0,Y,,,,Y,,A,01,0,1,0,0,1,0,0,0,0,"- ","- ",,,"LOS ANGELES","LOS ANGELES",-118.57543009,34.220190010000003
8285308,2016,2017-02-01,1963,2016-02-08,0751,00324,223,1,5,3,1963,0,0,0,,0,TWO,"VIRGINIA RD","LORAIN RD",21.00,N,N,A,-,N,,,,,,,,,,N,3,0,1,2,A,-,10,21950,,N,G,B,B,A,H,-,A,A,0,Y,,,,Y,,A,01,0,1,0,0,1,0,0,0,0,"- ","- ",,,"LOS ANGELES","SAN MARINO",-118.11518,34.114207579999999
8285751,2016,2017-01-25,1942,2016-12-22,1415,36801,1785,4,5,7,1942,0,0,0,Q,0,10TL38,"RAYEN ST","RESEDA BL",0.00,,Y,A,-,N,,,,,,,,,,N,3,0,1,2,A,-,10,21950,A,N,G,B,B,A,H,-,A,A,0,Y,,,,Y,,A,01,0,1,0,0,1,0,0,0,0,"- ","- ",,,"LOS ANGELES","LOS ANGELES",-118.53609002,34.231890110000002
8286029,2016,2017-02-08,1942,2016-12-15,1915,40315,0648,4,5,7,1942,0,0,0,F,0,6T7,"HOLLYWOOD BL","WESTERN AV",53.00,E,N,C,-,N,,,,,,,,,,N,2,0,1,4,A,-,03,22350,,N,B,E,E,B,H,-,C,A,0,Y,,,,Y,,I,20,1,0,0,0,1,0,0,0,0,"- ","- ",,,"LOS ANGELES","LOS ANGELES",-118.30909527,34.101750000000003
8286083,2016,2017-01-26,1942,2016-12-07,0745,35291,0437,3,5,7,1942,0,0,0,D,0,24T22,"DRUID ST","RICHELIEU AV",1.00,W,N,A,-,N,,,,,,,,,,N,4,0,1,2,A,-,10,21950,A,F,G,B,B,A,H,-,A,D,0,Y,,,,Y,,-,99,0,0,1,0,1,0,0,0,0,"- ","- ",,,"LOS ANGELES","LOS ANGELES",-118.18354214,34.06997209
8286103,2016,2017-01-26,1942,2016-12-15,1900,32416,0464,4,5,7,1942,0,0,0,D,0,4A71,"BREED ST","1ST ST",200.00,N,N,C,-,N,,,,,,,,,,N,4,0,1,2,A,-,11,21954,A,N,G,B,D,B,H,-,C,D,0,Y,,,,Y,,N,60,0,0,1,0,1,0,0,0,0,"- ","- ",,,"LOS ANGELES","LOS ANGELES",-118.21105,34.0443
8286123,2016,2017-01-26,1942,2016-12-08,1815,34426,0499,4,5,7,1942,0,0,0,D,0,24T51,"CALADA ST","OLYMPIC BL",96.00,S,N,A,-,N,,,,,,,,,,N,3,0,1,2,A,-,03,22350,,N,G,B,D,A,H,-,C,D,0,Y,,,,Y,,-,99,0,1,0,0,1,0,0,0,0,"- ","- ",,,"LOS ANGELES","LOS ANGELES",-118.19802,34.018556740000001
8286127,2016,2017-01-26,1942,2016-12-31,2055,25115,1133,6,5,7,1942,0,0,0,K,0,2YT32,"GLENDALE BL","MADERA AV",0.00,,Y,B,-,N,,,,,,,,,,N,2,0,1,2,A,-,10,21950,A,N,G,B,B,A,H,-,C,A,0,Y,,,,Y,,A,01,1,0,0,0,1,0,0,0,0,"- ","- ",,,"LOS ANGELES","LOS ANGELES",-118.26204,34.116950099999997
8286139,2016,2017-01-26,1942,2016-12-01,1445,39759,0409,4,5,7,1942,0,0,0,D,0,24T51,"HUNTINGTON DR","LIFUR AV",3.00,W,N,A,-,N,,,,,,,,,,N,3,0,1,2,A,-,12,21453,A,N,G,B,B,A,H,-,A,A,0,Y,,,,Y,,A,07,0,1,0,0,1,0,0,0,0,"- ","- ",,,"LOS ANGELES","LOS ANGELES",-118.16705974999999,34.089708639999998
8286143,2016,2017-01-26,1942,2016-12-03,0500,34257,0429,6,5,7,1942,0,0,0,D,0,4A9,"HUNTINGTON DR","POPLAR AV",200.00,N,N,A,-,N,,,,,,,,,,N,4,0,1,2,A,-,03,22350,,F,G,B,D,A,H,-,B,A,0,Y,,,,Y,Y,-,99,0,0,1,0,1,0,0,0,0,"- ","- ",,,"LOS ANGELES","LOS ANGELES",-118.16432755,34.090934969999999
8286196,2016,2017-01-26,1942,2016-12-15,1915,40024,1407,4,5,7,1942,0,0,0,N,0,14TL47,"MOTOR AV","PALMS BL",0.00,,Y,A,-,N,,,,,,,,,,N,3,0,1,2,A,-,10,21950,A,F,G,B,B,A,H,-,A,A,0,Y,,,,Y,,-,99,0,1,0,0,1,0,0,0,0,"- ","- ",,,"LOS ANGELES","LOS ANGELES",-118.40853,34.02640006
8286209,2016,2017-01-27,1942,2016-11-26,1730,40099,0467,6,5,7,1942,0,0,0,D,0,24T55,"4TH ST","SOTO ST",17.00,W,N,C,-,N,,,,,,,,,,N,3,0,1,2,A,-,10,21950,A,N,G,B,B,B,H,-,C,A,0,Y,,,,Y,,A,08,0,1,0,0,1,0,0,0,0,"- ","- ",,,"LOS ANGELES","LOS ANGELES",-118.21181946999999,34.040641860000001
8286219,2016,2017-01-26,1942,2016-12-13,1610,40592,0152,2,5,7,1942,0,0,0,A,0,24T51,"GRAND AV","5TH ST",0.00,,Y,A,-,N,,,,,,,,,,N,4,0,1,2,A,-,10,21950,A,F,G,B,B,A,H,-,A,A,0,Y,,,,Y,,-,99,0,0,1,0,1,0,0,0,0,"- ","- ",,,"LOS ANGELES","LOS ANGELES",-118.29016003,33.739690039999999
8286552,2016,2017-01-31,1972,2016-12-28,1759,19999,,3,5,6,1972,0,0,0,,0,,"TORRANCE BL","VICTOR ST",270.00,E,N,A,-,N,,,,,,,,,,Y,2,0,1,2,A,-,10,21954,B,N,A,B,D,A,H,-,C,D,0,Y,,,,Y,Y,N,,1,0,0,0,1,0,0,0,0,"- ","- ",,,"LOS ANGELES",TORRANCE,-118.36587255000001,33.837569999999999
8286569,2016,2017-01-30,1942,2016-12-22,1325,33294,1664,4,5,7,1942,0,0,0,P,0,35M53,"GLENOAKS BL","SHELDON ST",0.00,,Y,A,-,N,,,,,,,,,,Y,4,0,3,3,A,-,03,22350,,N,D,C,F,A,H,-,A,A,0,Y,,,,Y,,A,01,0,0,3,0,1,0,0,0,0,"- ","- ",,,"LOS ANGELES","LOS ANGELES",-118.38394002,34.246430019999998
8286570,2016,2017-02-08,1942,2016-12-24,1155,40735,1958,6,5,7,1942,0,0,0,,0,217L65,"VAN NUYS BL","CANTERBURY AV",35.00,E,N,A,-,N,,,,,,,,,,Y,3,0,5,4,A,-,03,22350,,N,B,E,E,A,H,-,A,D,0,Y,,,,Y,,A,01,0,2,3,0,1,0,0,0,0,"- ","- ",,,"LOS ANGELES","LOS ANGELES",-118.44519235,34.249272599999998
8286582,2016,2017-02-01,1942,2016-12-31,1750,41625,1687,6,5,7,1942,0,0,0,P,0,16X78,"STRATHERN ST","VINELAND AV",0.00,,Y,C,-,N,,,,,,,,,,N,4,0,1,2,A,-,10,21950,A,N,G,B,B,B,H,-,C,A,0,Y,,,,Y,,D,22,0,0,1,0,1,0,0,0,0,"- ","- ",,,"LOS ANGELES","LOS ANGELES",-118.37035007,34.215720079999997
8286617,2016,2017-02-03,1942,2016-12-27,0730,40141,1044,2,5,7,1942,0,0,0,J,0,10TL39,"RESEDA BL","OXNARD ST",8.00,S,N,A,-,N,,,,,,,,,,N,3,0,1,2,A,-,08,22107,,N,G,B,B,A,H,-,A,A,0,Y,,,,Y,,-,"- ",0,1,0,0,1,0,0,0,0,"- ","- ",,,"LOS ANGELES","LOS ANGELES",-118.53601078,34.179958059999997
8286726,2016,2017-01-25,1942,2016-12-31,0050,38613,0998,6,5,7,1942,0,0,0,I,0,9T53,"VENTURA BL","VAN NOORD AV",270.00,W,N,A,-,N,,,,,,,,,,N,3,0,1,2,A,-,11,21956,A,N,G,C,E,B,H,-,C,D,0,Y,,,,Y,Y,A,01,0,1,0,0,1,0,0,0,0,"- ","- ",,,"LOS ANGELES","LOS ANGELES",-118.4163424,34.145269390000003
8286727,2016,2017-01-24,1942,2016-12-16,1920,42437,1989,5,5,7,1942,0,0,0,,0,10A99,"ROSCOE BL","NAGLE AV",0.00,,Y,A,-,N,,,,,,,,,,N,4,0,1,2,A,-,09,21453,B,N,G,B,B,A,H,-,C,A,0,Y,,,,Y,,A,01,0,0,1,0,1,0,0,0,0,"- ","- ",,,"LOS ANGELES","LOS ANGELES",-118.42224001,34.221680110000001
8286730,2016,2017-01-25,1942,2016-12-30,1700,34634,0901,5,5,7,1942,0,0,0,I,0,21TL62,"ORION AV","COHASSET ST",153.00,S,N,B,-,N,,,,,,,,,,Y,2,0,1,2,A,-,13,22515,A,N,G,B,E,A,H,-,C,D,0,Y,,,,Y,,N,60,1,0,0,0,1,0,0,0,0,"- ","- ",,,"LOS ANGELES","LOS ANGELES",-118.47057461,34.206220340000002
8286732,2016,2017-01-24,1942,2016-12-28,1735,35481,1987,3,5,7,1942,0,0,0,,0,21TL62,"COLBATH AV","COMMUNITY ST",525.00,N,N,A,-,N,,,,,,,,,,N,4,0,1,2,A,-,11,21954,A,N,G,B,D,A,H,-,C,D,0,Y,,,,Y,,N,60,0,0,1,0,1,0,0,0,0,"- ","- ",,,"LOS ANGELES","LOS ANGELES",-118.43753608,34.224029020000003
8286740,2016,2017-01-23,1942,2016-12-27,1930,36466,1999,2,5,7,1942,0,0,0,,0,,"GREEN BUSH AV","KESWICK ST",120.00,S,N,A,-,N,,,,,,,,,,N,4,0,1,3,A,-,21,22106,,N,G,B,E,A,H,-,A,D,0,Y,,,,Y,Y,A,01,0,0,1,0,1,0,0,0,0,"- ","- ",,,"LOS ANGELES","LOS ANGELES",-118.42674578,34.210860879999998