CASE_ID,ACCIDENT_YEAR,PROC_DATE,JURIS,COLLISION_DATE,COLLISION_TIME,OFFICER_ID,REPORTING_DISTRICT,DAY_OF_WEEK,CHP_SHIFT,POPULATION,CNTY_CITY_LOC,SPECIAL_COND,BEAT_TYPE,CHP_BEAT_TYPE,CITY_DIVISION_LAPD,CHP_BEAT_CLASS,BEAT_NUMBER,PRIMARY_RD,SECONDARY_RD,DISTANCE,DIRECTION,INTERSECTION,WEATHER_1,WEATHER_2,STATE_HWY_IND,CALTRANS_COUNTY,CALTRANS_DISTRICT,STATE_ROUTE,ROUTE_SUFFIX,POSTMILE_PREFIX,POSTMILE,LOCATION_TYPE,RAMP_INTERSECTION,SIDE_OF_HWY,TOW_AWAY,COLLISION_SEVERITY,NUMBER_KILLED,NUMBER_INJURED,PARTY_COUNT,PRIMARY_COLL_FACTOR,PCF_CODE_OF_VIOL,PCF_VIOL_CATEGORY,PCF_VIOLATION,PCF_VIOL_SUBSECTION,HIT_AND_RUN,TYPE_OF_COLLISION,MVIW,PED_ACTION,ROAD_SURFACE,ROAD_COND_1,ROAD_COND_2,LIGHTING,CONTROL_DEVICE,CHP_ROAD_TYPE,PEDESTRIAN_ACCIDENT,BICYCLE_ACCIDENT,MOTORCYCLE_ACCIDENT,TRUCK_ACCIDENT,NOT_PRIVATE_PROPERTY,ALCOHOL_INVOLVED,STWD_VEHTYPE_AT_FAULT,CHP_VEHTYPE_AT_FAULT,COUNT_SEVERE_INJ,COUNT_VISIBLE_INJ,COUNT_COMPLAINT_PAIN,COUNT_PED_KILLED,COUNT_PED_INJURED,COUNT_BICYCLIST_KILLED,COUNT_BICYCLIST_INJURED,COUNT_MC_KILLED,COUNT_MC_INJURED,PRIMARY_RAMP,SECONDARY_RAMP,LATITUDE,LONGITUDE,COUNTY,CITY,POINT_X,POINT_Y
8292681,2016,2017-04-24,1956,2016-08-16,2130,1312,16,2,5,5,1956,0,0,0,,0,002,"TORRANCE BL","BROADWAY AV",0.00,,Y,A,-,N,,,,,,,,,,N,3,0,1,2,A,-,10,21950,,N,G,B,B,A,H,-,C,A,0,Y,,,,Y,,A,07,0,1,0,0,1,0,0,0,0,"- ","- ",,,"LOS ANGELES","REDONDO BEACH",-118.38674007,33.838300029999999
8293083,2016,2017-01-30,1901,2016-12-17,1533,239,29,6,5,5,1901,0,0,0,,0,003,"FREMONT AV","CONCORD AV",10.00,S,N,A,-,N,,,,,,,,,,N,4,0,1,2,A,-,10,21950,A,N,G,B,B,A,H,-,A,A,0,Y,,,,Y,,A,07,0,0,1,0,1,0,0,0,0,"- ","- ",,,"LOS ANGELES",ALHAMBRA,-118.15197942,34.08652258
8293095,2016,2017-01-30,1942,2016-12-09,1600,36908,1656,5,5,7,1942,0,0,0,P,0,X24,"WYNGATE ST","ORO VISTA",10.00,N,N,A,-,N,,,,,,,,,,N,4,0,1,2,A,-,11,21954,A,F,B,B,E,A,H,-,A,A,0,Y,,,,Y,,N,60,0,0,1,0,1,0,0,0,0,"- ","- ",,,"LOS ANGELES","LOS ANGELES",-118.31576,34.257910000000003
8293325,2016,2017-02-07,1942,2016-12-21,2015,42599,0111,3,5,7,1942,0,0,0,A,0,1A1,"NORTH FIGUEROA ST","W SUNSET BL",0.00,,Y,C,-,N,,,,,,,,,,N,4,0,1,2,A,-,10,21950,A,N,A,B,B,B,H,-,C,A,0,Y,,,,Y,,A,01,0,0,1,0,1,0,0,0,0,"- ","- ",,,"LOS ANGELES","LOS ANGELES",-118.24631004,34.062660100000002
8293329,2016,2017-02-07,1942,2016-12-21,1300,35748,0146,3,5,7,1942,0,0,0,A,0,1X27,"5TH ST","LOS ANGELES",0.00,,Y,B,C,N,,,,,,,,,,N,3,0,1,2,A,-,12,21453,A,F,G,B,B,B,H,-,A,A,0,Y,Y,,,Y,,L,04,0,1,0,0,1,0,0,0,0,"- ","- ",,,"LOS ANGELES","LOS ANGELES",-118.24755009,34.046050059999999
8293345,2016,2017-02-07,1942,2016-12-07,0240,41215,0142,3,5,7,1942,0,0,0,A,0,11A37,"4TH ST","OLIVE ST",0.00,,Y,A,-,N,,,,,,,,,,N,4,0,1,4,A,-,03,22350,A,N,G,B,B,A,H,-,C,A,0,Y,,,,Y,,-,,0,0,1,0,1,0,0,0,0,"- ","- ",,,"LOS ANGELES","LOS ANGELES",-118.25149003,34.050910010000003
8293353,2016,2017-02-07,1942,2016-12-07,1925,36698,0171,3,5,7,1942,0,0,0,A,0,24T34W,"FRANCISCO ST","OLYMPIC BL",0.00,,Y,A,-,N,,,,,,,,,,N,4,0,1,2,A,-,10,21950,A,N,G,B,B,A,H,-,C,A,0,Y,,,,Y,,A,01,0,0,1,0,1,0,0,0,0,"- ","- ",,,"LOS ANGELES","LOS ANGELES",-118.26576009,34.045440030000002
8293354,2016,2017-02-02,1942,2016-10-03,1955,39759,1395,1,5,7,1942,0,0,0,M,0,24T31,"GAGE AV","CENTRAL AV",445.00,W,N,A,-,N,,,,,,,,,,Y,2,0,1,2,A,-,11,21954,A,N,G,B,D,A,H,-,C,D,0,Y,,,,Y,Y,N,60,1,0,0,0,1,0,0,0,0,"- ","- ",,,"LOS ANGELES","LOS ANGELES",-118.25792104,33.981958589999998
8293462,2016,2017-02-08,1933,2016-12-24,1515,998,35,6,5,6,1933,0,0,0,,0,004,"CRENSHAW BL","111TH ST",0.00,,Y,A,-,N,,,,,,,,,,N,4,0,2,3,A,-,12,21453,A,M,G,B,B,A,H,-,A,A,0,Y,,,,Y,,-,,0,0,2,0,2,0,0,0,0,"- ","- ",33.934840000000001,-118.32648,"LOS ANGELES",INGLEWOOD,-118.32656006000001,33.934850109999999
8293470,2016,2017-02-07,1933,2016-12-02,2235,981,I15,5,5,6,1933,0,0,0,,0,002,"ARBOR VITAE ST","OAK ST",0.00,,Y,A,-,N,,,,,,,,,,Y,3,0,1,2,A,-,10,21950,A,N,G,B,B,A,H,-,C,A,0,Y,,,,Y,,A,01,0,1,0,0,1,0,0,0,0,"- ","- ",33.952759999999998,-118.36566999999999,"LOS ANGELES",INGLEWOOD,-118.36583011,33.952700010000001
8293474,2016,2017-02-08,1933,2016-12-09,1329,869,10,5,5,6,1933,0,0,0,,0,001,"PRAIRIE AV","GRACE AV",101.00,S,N,A,-,N,,,,,,,,,,Y,3,0,3,4,A,-,08,22107,,N,G,B,F,A,H,-,A,D,0,Y,,,,Y,,A,01,0,3,0,0,3,0,0,0,0,"- ","- ",33.968600000000002,-118.34396,"LOS ANGELES",INGLEWOOD,-118.34396,33.968252990000003
8293482,2016,2017-02-07,1933,2016-12-12,1725,826,04,1,5,6,1933,0,0,0,,0,001,"EUCALYPTUS AV","PLYMOUTH ST",6.00,N,N,A,-,N,,,,,,,,,,N,3,0,1,2,A,-,11,21950,B,N,G,B,B,A,H,-,C,A,0,Y,,,,Y,,N,60,0,1,0,0,1,0,0,0,0,"- ","- ",33.974649999999997,-118.35942,"LOS ANGELES",INGLEWOOD,-118.35946061999999,33.974566449999998
8293485,2016,2017-02-02,1933,2016-11-29,0931,828,01,2,5,6,1933,0,0,0,,0,001,"LA BREA AV","64TH ST",10.00,N,N,A,-,N,,,,,,,,,,N,4,0,1,2,A,-,10,21950,A,N,G,B,B,A,H,-,A,A,0,Y,,,,Y,,A,01,0,0,1,0,1,0,0,0,0,"- ","- ",33.981119999999997,-118.35834,"LOS ANGELES",INGLEWOOD,-118.35841684,33.981086830000002
8293541,2016,2017-02-07,1942,2016-12-31,1700,34426,0152,6,5,7,1942,0,0,0,A,0,24T51,"FIGUEROA ST","6TH ST",0.00,,Y,C,-,N,,,,,,,,,,N,4,0,1,2,A,-,11,21456,B,N,G,B,B,B,H,-,C,A,0,Y,,,,Y,,N,60,0,0,1,0,1,0,0,0,0,"- ","- ",,,"LOS ANGELES","LOS ANGELES",-118.25856003,34.050820010000002
8293616,2016,2017-02-03,1942,2016-12-16,1255,31542,0143,5,5,7,1942,0,0,0,A,0,24TL22,"SPRING ST","5TH ST",12.00,S,N,A,-,N,,,,,,,,,,N,4,0,1,2,A,-,10,21950,A,F,D,B,B,B,H,-,A,A,0,Y,,,,Y,,-,99,0,0,1,0,1,0,0,0,0,"- ","- ",,,"LOS ANGELES","LOS ANGELES",-118.24965529000001,34.047364709999997
8293620,2016,2017-02-03,1942,2016-12-28,1045,38357,0159,3,5,7,1942,0,0,0,A,0,24T29,"5TH ST","ALAMEDA ST",5.00,E,N,A,-,N,,,,,,,,,,N,4,0,1,2,A,-,21,22106,,N,G,B,B,A,H,-,A,D,0,Y,,,,Y,,A,07,0,0,1,0,1,0,0,0,0,"- ","- ",,,"LOS ANGELES","LOS ANGELES",-118.23822367,34.041431789999997
8293643,2016,2017-02-03,1942,2016-12-13,1620,41927,0314,2,5,7,1942,0,0,0,C,0,3T57,"EDGEHILL DR","28TH ST",127.00,S,N,A,-,N,,,,,,,,,,Y,4,0,1,4,C,-,18,,,N,H,E,E,A,H,-,A,D,0,Y,,,,Y,,-,"- ",0,0,1,0,1,0,0,0,0,"- ","- ",,,"LOS ANGELES","LOS ANGELES",-118.32961831999999,34.030877940000003
8293644,2016,2017-02-03,1942,2016-12-21,2045,41781,CENT,3,5,7,1942,0,0,0,,0,0135,3RD,"LOS ANGELES ST",50.00,E,N,C,G,N,,,,,,,,,,N,4,0,1,2,A,-,17,21451,A,N,G,B,B,B,B,-,C,A,0,Y,,,,Y,,-,"- ",0,0,1,0,1,0,0,0,0,"- ","- ",,,"LOS ANGELES","LOS ANGELES",-118.24460372,34.04843297
8293668,2016,2017-02-03,1942,2016-12-06,1245,38124,0111,2,5,7,1942,0,0,0,A,0,24TL22,"SUNSET BL","BEAUDRY AV",0.00,E,N,B,-,N,,,,,,,,,,N,3,0,1,2,B,-,22,,,N,G,B,F,A,H,-,A,D,0,Y,,,,Y,,-,"- ",0,1,0,0,1,0,0,0,0,"- ","- ",,,"LOS ANGELES","LOS ANGELES",-118.24924007,34.065250089999999
8293684,2016,2017-02-02,1933,2016-11-25,1420,959,3,5,5,6,1933,0,0,0,,0,001,"STEPNEY PL","PARK AV",210.00,W,N,A,-,N,,,,,,,,,,N,3,0,1,2,A,-,11,21954,A,N,G,B,D,A,H,-,A,A,0,Y,,,,Y,,N,60,0,1,0,0,1,0,0,0,0,"- ","- ",33.974899999999998,-118.34395000000001,"LOS ANGELES",INGLEWOOD,-118.34470131,33.974834770000001
8293688,2016,2017-02-02,1933,2016-11-29,1622,924,3,2,5,6,1933,0,0,0,,0,001,"HYDE PARK BL","PARK AV",0.00,,Y,A,-,N,,,,,,,,,,N,4,0,1,2,A,-,03,22350,,N,G,B,B,A,H,-,A,D,0,Y,,,,Y,,A,01,0,0,1,0,1,0,0,0,0,"- ","- ",33.977539999999998,-118.34430999999999,"LOS ANGELES",INGLEWOOD,-118.34439008,33.977470080000003
8293695,2016,2017-02-01,1942,2016-10-20,0950,41514,0639,4,5,7,1942,0,0,0,F,0,6A15,"HOLLYWOOD BL",NORMANDIE,5.00,W,N,A,-,N,,,,,,,,,,N,4,0,1,2,A,-,10,21950,A,N,G,B,B,A,H,-,A,A,0,Y,,,,Y,,A,01,0,0,1,0,1,0,0,0,0,"- ","- ",,,"LOS ANGELES","LOS ANGELES",-118.30057648,34.101750000000003
8293997,2016,2017-02-03,1942,2016-12-23,1930,41921,1249,5,5,7,1942,0,0,0,L,0,3T3,"GAGE AV","FIGUEROA ST",10.00,E,N,C,-,N,,,,,,,,,,N,3,0,1,2,A,-,10,21950,A,N,G,B,B,B,H,-,C,A,0,Y,,,,Y,,D,22,0,1,0,0,1,0,0,0,0,"- ","- ",,,"LOS ANGELES","LOS ANGELES",-118.28263708,33.982379999999999
8294112,2016,2017-02-01,1922,2016-12-08,1920,670,,4,5,6,1922,0,0,0,,0,,"SANTA ANITA","MILDRED AV",0.00,,Y,A,-,N,,,,,,,,,,N,4,0,1,2,A,-,09,21801,B,N,G,B,B,A,H,-,C,A,0,Y,,,,Y,,A,01,0,0,1,0,1,0,0,0,0,"- ","- ",,,"LOS ANGELES","EL MONTE",-118.04243006999999,34.067110069999998
8294135,2016,2017-02-01,1942,2016-12-20,1808,41911,1232,2,5,7,1942,0,0,0,L,0,12T73,"58TH PL","CRENSHAW BL",0.00,,Y,A,-,N,,,,,,,,,,N,3,0,1,2,A,-,10,21950,C,N,G,B,C,A,H,-,C,A,0,Y,,,,Y,,A,07,0,1,0,0,1,0,0,0,0,"- ","- ",,,"LOS ANGELES","LOS ANGELES",-118.33091013000001,33.98812006
8294143,2016,2017-02-01,1942,2016-12-15,1935,36911,1255,4,5,7,1942,0,0,0,L,0,3T57,"NORMANDIE AV","76TH ST",0.00,,Y,C,-,N,,,,,,,,,,N,2,0,1,2,A,-,11,21456,B,N,G,B,B,B,H,-,C,A,0,Y,,,,Y,,N,60,1,0,0,0,1,0,0,0,0,"- ","- ",,,"LOS ANGELES","LOS ANGELES",-118.30031001,33.970980050000001
8294667,2016,2017-02-02,1965,2016-12-09,0837,3178,0B4E,5,5,5,1965,0,0,0,,0,B004,"20TH ST","WASHINGTON AV",15.00,S,N,A,-,N,,,,,,,,,,N,3,0,1,2,A,-,10,21950,A,N,G,B,B,A,H,-,A,A,0,Y,,,,Y,,A,01,0,1,0,0,1,0,0,0,0,"- ","- ",,,"LOS ANGELES","SANTA MONICA",-118.4863654,34.034090620000001
8295203,2016,2017-02-06,1900,2016-12-14,2018,540314,0454,3,5,6,1949,0,0,0,,0,43T1,"SAN ANTONIO DR","FIRESTONE BL",60.00,N,N,A,-,N,,,,,,,,,,N,3,0,1,2,A,-,11,21954,A,N,G,B,D,A,H,-,C,A,0,Y,,,,Y,,N,60,0,1,0,0,1,0,0,0,0,"- ","- ",,,"LOS ANGELES",NORWALK,-118.07565735,33.909530420000003
8295254,2016,2017-02-03,1900,2016-12-30,2140,540658,1126,5,5,6,1992,0,0,0,,0,112T1,"AVENUE L","10TH ST WEST",0.00,,Y,C,-,N,,,,,,,,,,N,4,0,1,2,A,-,12,21453,A,F,G,B,B,B,H,-,C,A,0,Y,,,,Y,,A,07,0,0,1,0,1,0,0,0,0,"- ","- ",,,"LOS ANGELES",LANCASTER,-118.14779011,34.660360109999999
8295495,2016,2017-02-13,1942,2016-12-15,2105,42566,NHWD,4,5,7,1942,0,0,0,,0,15A39,"LANKERSHIM BL","CHANDLER BL",0.00,,Y,C,-,N,,,,,,,,,,Y,4,0,1,2,A,-,10,21950,A,N,G,B,B,B,-,-,C,A,0,Y,,,,Y,,A,01,0,0,1,0,1,0,0,0,0,"- ","- ",,,"LOS ANGELES","LOS ANGELES",-118.37707007,34.168900110000003
8295767,2016,2017-02-07,1900,2016-12-03,1830,529141,1510,6,5,5,1954,0,0,0,,0,151T2,"WHITTIER BL","WHITTIER BL 8845",0.00,,-,A,-,N,,,,,,,,,,N,4,0,1,2,A,-,09,21804,A,N,G,C,F,A,H,-,C,D,0,Y,,,,Y,,A,01,0,0,1,0,1,0,0,0,0,"- ","- ",,,"LOS ANGELES","PICO RIVERA",-118.08433599999999,34.001609999999999
8296244,2016,2017-02-27,1942,2016-12-14,1940,41921,0326,3,5,7,1942,0,0,0,C,0,18J23,"ADAMS BL","LA SALLE AV",0.00,,Y,A,-,N,,,,,,,,,,N,4,0,1,2,A,-,10,21950,A,N,G,B,B,A,H,-,C,A,0,Y,,,,Y,,-,"- ",0,0,1,0,1,0,0,0,0,"- ","- ",,,"LOS ANGELES","LOS ANGELES",-118.30576004,34.032720040000001
8296337,2016,2017-02-09,1942,2016-12-12,1610,40851,0362,1,5,7,1942,0,0,0,C,0,3A57,"MARTIN LUTHER KING JR BL","BUCKINGHAM RD",60.00,W,N,A,-,N,,,,,,,,,,N,3,0,1,2,A,-,11,21956,A,N,G,B,E,A,H,-,A,D,0,Y,,,,Y,,N,60,0,1,0,0,1,0,0,0,0,"- ","- ",,,"LOS ANGELES","LOS ANGELES",-118.34188595000001,34.014911079999997
8296481,2016,2017-02-07,1942,2016-12-24,1130,41521,0336,6,5,7,1942,0,0,0,C,0,3T5,"WESTERN AV","29TH ST",0.00,,Y,A,B,N,,,,,,,,,,N,4,0,1,2,A,-,10,21950,A,F,G,B,B,A,H,-,A,A,0,Y,,,,Y,,-,99,0,0,1,0,1,0,0,0,0,"- ","- ",,,"LOS ANGELES","LOS ANGELES",-118.30894000000001,34.029089999999997
8296514,2016,2017-02-07,1942,2016-12-18,1535,34735,455,7,5,7,1942,0,0,0,,0,4A72,"CESAR CHAVEZ AV","SAINT LOUIS ST",0.00,,Y,A,-,N,,,,,,,,,,,4,0,1,2,A,-,08,22107,,N,G,B,B,A,H,-,A,A,0,Y,,,,Y,,-,,0,0,1,0,1,0,0,0,0,"- ","- ",,,"LOS ANGELES","LOS ANGELES",-118.21151,34.048479999999998
8296542,2016,2017-02-08,1900,2016-12-09,0820,523037,1363,5,5,5,1952,0,0,0,,0,1362D,"ORANGE AV","SOMERSET BL",0.00,,Y,A,-,N,,,,,,,,,,N,4,0,1,2,A,-,10,21950,A,M,G,B,B,A,H,-,A,A,0,Y,,,,Y,,A,08,0,0,1,0,1,0,0,0,0,"- ","- ",,,"LOS ANGELES",PARAMOUNT,-118.17752,33.896370089999998
8296549,2016,2017-02-07,1942,2016-12-11,1630,31255,1415,7,5,7,1942,0,0,0,N,0,14TL52,"LINCOLN BL","ROSE AV",0.00,,Y,A,-,N,,,,,,,,,,N,3,0,1,2,A,-,12,21453,A,F,G,B,B,A,H,-,A,A,0,Y,,,,Y,,-,99,0,1,0,0,1,0,0,0,0,"- ","- ",,,"LOS ANGELES","LOS ANGELES",-118.46785011999999,34.001350080000002
8296802,2016,2017-02-10,1942,2016-12-06,2030,35431,0275,2,5,7,1942,0,0,0,B,0,2A91,"OLYMPIC BL","UNION AV",5.00,W,N,A,-,N,,,,,,,,,,N,4,0,1,2,A,-,10,21950,A,N,G,B,B,A,H,-,C,A,0,Y,,,,Y,,-,,0,0,1,0,1,0,0,0,0,"- ","- ",,,"LOS ANGELES","LOS ANGELES",-118.27423467,34.04921624
8296810,2016,2017-02-10,1942,2016-12-18,1715,41501,0205,7,5,7,1942,0,0,0,B,0,2A5,"BENTON WY","SUNSET BL",0.00,,Y,A,-,N,,,,,,,,,,N,3,0,1,2,A,-,10,21950,A,N,G,B,B,A,H,-,C,A,0,Y,,,,Y,,-,,0,1,0,0,1,0,0,0,0,"- ","- ",,,"LOS ANGELES","LOS ANGELES",-118.27040009,34.080550019999997
8296834,2016,2017-02-13,1942,2016-12-18,1950,40099,0245,7,5,7,1942,0,0,0,B,0,24T55,"WILSHIRE BL","PARK VIEW AV",400.00,E,N,A,-,N,,,,,,,,,,Y,4,0,1,2,A,-,11,21955,,F,G,B,D,A,H,-,D,D,0,Y,,,,Y,,A,01,0,0,1,0,1,0,0,0,0,"- ","- ",,,"LOS ANGELES","LOS ANGELES",-118.27820887,34.059446960000002
8296865,2016,2017-02-10,1942,2016-12-19,1720,41927,0528,1,5,7,1942,0,0,0,E,0,3T57,"L ST","SANFORD AV",200.00,W,N,A,-,N,,,,,,,,,,N,4,0,1,3,A,-,03,22350,,F,B,C,E,A,H,-,C,D,0,Y,,,,Y,,-,99,0,0,1,0,1,0,0,0,0,"- ","- ",,,"LOS ANGELES","LOS ANGELES",-118.25141519,33.787340299999997
8296877,2016,2017-02-10,1942,2016-12-15,0800,33599,0521,4,5,7,1942,0,0,0,E,0,3TL5,"BARHUGH PL","TAPER AV",0.00,,Y,B,-,N,,,,,,,,,,N,3,0,1,2,A,-,10,21950,A,N,G,B,B,A,H,-,A,A,0,Y,,,,Y,,A,07,0,1,0,0,1,0,0,0,0,"- ","- ",,,"LOS ANGELES","LOS ANGELES",-118.29891006,33.761420100000002
8297243,2016,2017-03-13,1942,2016-12-08,0755,37961,1259,4,5,7,1942,0,0,0,L,0,12A93,"TOWNE AV","79TH ST",0.00,,Y,A,-,N,,,,,,,,,,N,3,0,1,2,A,-,10,21950,A,N,G,B,B,A,H,-,A,A,0,Y,,,,Y,,D,22,0,1,0,0,1,0,0,0,0,"- ","- ",,,"LOS ANGELES","LOS ANGELES",-118.26735006,33.967380059999996
8297371,2016,2017-02-23,1942,2016-12-14,1730,33029,1494,3,5,7,1942,0,0,0,N,0,14BFL8,"WORLD WAY","THEME WY",10.00,E,N,A,-,N,,,,,,,,,,Y,4,0,2,3,A,-,08,22100,B,N,D,C,F,A,H,-,C,A,0,Y,,,,Y,,A,01,0,0,2,0,1,0,0,0,0,"- ","- ",,,"LOS ANGELES","LOS ANGELES",-118.40304732,33.945143270000003
8297372,2016,2017-02-14,1942,2016-12-15,1840,40451,1942,4,5,7,1942,0,0,0,,0,1441,"WASHINGTON BL","ABBOTT KINNEY",0.00,,Y,C,-,N,,,,,,,,,,N,4,0,1,2,A,-,10,21950,A,N,A,B,B,B,H,-,C,A,0,Y,,,,Y,,A,01,0,0,1,0,1,0,0,0,0,"- ","- ",,,"LOS ANGELES","LOS ANGELES",-118.45213013,33.98824011
8297391,2016,2017-02-23,1942,2016-12-28,1505,41376,1457,3,5,7,1942,0,0,0,N,0,20TL56,"CULVER BL","CENTINELA AV",0.00,,Y,A,-,N,,,,,,,,,,N,4,0,1,2,A,-,10,21950,,N,G,B,B,A,H,-,A,A,0,Y,,,,Y,,A,07,0,0,1,0,1,0,0,0,0,"- ","- ",,,"LOS ANGELES","LOS ANGELES",-118.42121007999999,33.991250049999998
8297396,2016,2017-02-14,1942,2016-12-15,2205,34235,2,4,5,7,1942,0,0,0,,0,1494,"WORLD WY","POST WY",15.00,W,N,C,-,N,,,,,,,,,,N,4,0,1,2,A,-,11,21954,A,N,G,B,D,B,H,-,C,D,0,Y,,,,Y,,N,60,0,0,1,0,1,0,0,0,0,"- ","- ",,,"LOS ANGELES","LOS ANGELES",-118.39697200000001,33.9435
8297403,2016,2017-02-14,1942,2016-12-29,0850,41957,1494,4,5,7,1942,0,0,0,N,0,14TL49,"AVION DR","CENTURY BL",35.00,N,N,A,-,N,,,,,,,,,,N,4,0,1,2,A,-,10,21950,A,N,A,B,B,A,H,-,A,A,0,Y,,,,Y,,A,01,0,0,1,0,1,0,0,0,0,"- ","- ",,,"LOS ANGELES","LOS ANGELES",-118.39014,33.945675999999999
8297418,2016,2017-02-23,1942,2016-12-13,1800,42515,0858,2,5,7,1942,0,0,0,H,0,8A59W3,"PICO BL","ROBERTSON BL",10.00,S,N,A,-,N,,,,,,,,,,N,4,0,1,2,A,-,10,21950,A,N,G,B,B,B,H,-,C,A,0,Y,,,,Y,,A,01,0,0,1,0,1,0,0,0,0,"- ","- ",,,"LOS ANGELES","LOS ANGELES",-118.38368773000001,34.054774440000003
8297431,2016,2017-02-14,1942,2016-12-27,2200,40157,1409,2,5,7,1942,0,0,0,N,0,6T7,"VENICE BL","CULVER BL",44.00,W,N,A,-,N,,,,,,,,,,N,3,0,1,2,A,-,11,21456,B,N,G,B,B,A,H,-,C,A,0,Y,,,,Y,Y,N,60,0,1,0,0,1,0,0,0,0,"- ","- ",,,"LOS ANGELES","LOS ANGELES",-118.39259072999999,34.026883210000001
8297435,2016,2017-02-14,1942,2016-12-16,0620,39854,2099,5,5,7,1942,0,0,0,,0,20A71,"20TH ST","MAGNOLIA AV",100.00,E,N,C,-,N,,,,,,,,,,N,4,0,1,2,A,-,00,21952,A,F,G,B,B,B,H,-,A,A,0,Y,,,,Y,,-,99,0,0,1,0,1,0,0,0,0,"- ","- ",,,"LOS ANGELES","LOS ANGELES",-118.28672057,34.038179999999997
8297439,2016,2017-02-14,1942,2016-12-17,1700,37700,1412,6,5,7,1942,0,0,0,N,0,14TL52,"WESTMINSTER AV","SPEEDWAY AV",13.00,E,N,A,-,N,,,,,,,,,,N,3,0,1,2,A,-,11,21954,A,N,G,B,E,A,H,-,A,D,0,Y,,,,Y,,N,60,0,1,0,0,1,0,0,0,0,"- ","- ",,,"LOS ANGELES","LOS ANGELES",-118.47465645,33.988732149999997
8297440,2016,2017-02-15,1942,2016-12-13,1725,39303,1441,2,5,7,1942,0,0,0,N,0,14A11,"VENICE BL","OCEAN AV",0.00,,Y,A,-,N,,,,,,,,,,N,2,0,2,3,A,-,10,21950,A,N,A,B,B,A,H,-,C,A,0,Y,,,,Y,,A,01,1,1,0,0,2,0,0,0,0,"- ","- ",,,"LOS ANGELES","LOS ANGELES",-118.46525002999999,33.987270090000003
8297441,2016,2017-02-15,1942,2016-12-21,1540,40806,2071,3,5,7,1942,0,0,0,,0,20A53,"PICO BL","ARLINGTON AV",0.00,,Y,B,-,N,,,,,,,,,,N,2,0,1,2,A,-,10,21950,A,F,G,B,B,A,H,-,A,A,0,Y,,,,Y,,-,99,1,0,0,0,1,0,0,0,0,"- ","- ",,,"LOS ANGELES","LOS ANGELES",-118.31761007,34.047180040000001
8297718,2016,2017-02-22,1907,2016-12-03,0718,237,1,6,5,4,1907,0,0,0,,0,,"ATLANTIC AV","FLORENCE AV",0.00,,Y,A,-,N,,,,,,,,,,N,4,0,1,2,A,-,11,21950,B,N,G,B,B,A,H,-,A,A,0,Y,,,,Y,,N,60,0,0,1,0,1,0,0,0,0,"- ","- ",33.970320000000001,-118.18814999999999,"LOS ANGELES",BELL,-118.18820001,33.970310040000001
8297726,2016,2017-02-24,1907,2016-10-24,1521,211,2,1,5,4,1907,0,0,0,,0,,"GAGE AV","HELIOTROPE AV",6.00,E,N,A,-,N,,,,,,,,,,N,3,0,1,2,A,-,10,21950,A,N,G,B,B,A,H,-,A,A,0,Y,,,,Y,,D,22,0,1,0,0,1,0,0,0,0,"- ","- ",33.977289999999996,-118.18022999999999,"LOS ANGELES",BELL,-118.18022046999999,33.977287560000001
8297852,2016,2017-02-14,1907,2016-12-16,1600,193,,5,5,4,1907,0,0,0,,0,,"BANDINI BL","PENNINGTON WY",0.00,,-,A,-,N,,,,,,,,,,N,4,0,1,2,A,-,09,21804,A,N,G,B,C,A,H,-,A,D,0,Y,,,,Y,Y,A,01,0,0,1,0,1,0,0,0,0,"- ","- ",33.99727,-118.17221000000001,"LOS ANGELES",BELL,-118.17221000000001,33.99727
8297860,2016,2017-02-14,1907,2016-12-06,1600,221,2,2,5,4,1907,0,0,0,,0,,"ATLANTIC AV","RANDOLPH ST",295.00,S,N,A,-,N,,,,,,,,,,N,4,0,1,2,A,-,10,21950,,N,G,B,B,A,H,-,A,A,0,Y,,,,Y,,A,01,0,0,1,0,1,0,0,0,0,"- ","- ",33.981059999999999,-118.18602,"LOS ANGELES",BELL,-118.18664606999999,33.980570280000002
8298012,2016,2017-02-21,1907,2016-09-29,0757,205,1,4,5,4,1907,0,0,0,,0,,"GAGE AV","FLORA AV",0.00,,Y,A,-,N,,,,,,,,,,N,4,0,1,2,A,-,11,21954,A,N,D,B,D,A,H,-,A,D,0,Y,,,,Y,,N,60,0,0,1,0,1,0,0,0,0,"- ","- ",33.978389999999997,-118.19049,"LOS ANGELES",BELL,-118.19051009,33.978400020000002
8298303,2016,2017-02-14,1920,2016-12-19,0100,233,,1,5,6,1920,0,0,0,,0,,"WALKER AV","SOUTHALL LN",0.00,,Y,A,-,N,,,,,,,,,,N,3,0,1,2,A,-,10,21950,A,F,G,B,B,A,H,-,C,D,0,Y,,,,Y,Y,-,,0,1,0,0,1,0,0,0,0,"- ","- ",33.934309999999996,-118.13099,"LOS ANGELES",DOWNEY,-118.17348006,33.972120009999998