CASE_ID,ACCIDENT_YEAR,PROC_DATE,JURIS,COLLISION_DATE,COLLISION_TIME,OFFICER_ID,REPORTING_DISTRICT,DAY_OF_WEEK,CHP_SHIFT,POPULATION,CNTY_CITY_LOC,SPECIAL_COND,BEAT_TYPE,CHP_BEAT_TYPE,CITY_DIVISION_LAPD,CHP_BEAT_CLASS,BEAT_NUMBER,PRIMARY_RD,SECONDARY_RD,DISTANCE,DIRECTION,INTERSECTION,WEATHER_1,WEATHER_2,STATE_HWY_IND,CALTRANS_COUNTY,CALTRANS_DISTRICT,STATE_ROUTE,ROUTE_SUFFIX,POSTMILE_PREFIX,POSTMILE,LOCATION_TYPE,RAMP_INTERSECTION,SIDE_OF_HWY,TOW_AWAY,COLLISION_SEVERITY,NUMBER_KILLED,NUMBER_INJURED,PARTY_COUNT,PRIMARY_COLL_FACTOR,PCF_CODE_OF_VIOL,PCF_VIOL_CATEGORY,PCF_VIOLATION,PCF_VIOL_SUBSECTION,HIT_AND_RUN,TYPE_OF_COLLISION,MVIW,PED_ACTION,ROAD_SURFACE,ROAD_COND_1,ROAD_COND_2,LIGHTING,CONTROL_DEVICE,CHP_ROAD_TYPE,PEDESTRIAN_ACCIDENT,BICYCLE_ACCIDENT,MOTORCYCLE_ACCIDENT,TRUCK_ACCIDENT,NOT_PRIVATE_PROPERTY,ALCOHOL_INVOLVED,STWD_VEHTYPE_AT_FAULT,CHP_VEHTYPE_AT_FAULT,COUNT_SEVERE_INJ,COUNT_VISIBLE_INJ,COUNT_COMPLAINT_PAIN,COUNT_PED_KILLED,COUNT_PED_INJURED,COUNT_BICYCLIST_KILLED,COUNT_BICYCLIST_INJURED,COUNT_MC_KILLED,COUNT_MC_INJURED,PRIMARY_RAMP,SECONDARY_RAMP,LATITUDE,LONGITUDE,COUNTY,CITY,POINT_X,POINT_Y
90356254,2016,2017-01-30,9565,2016-12-17,0255,021134,,6,3,9,1900,0,2,4,,2,021,"VERMONT AVE S/B","CENTURY BLVD",7.00,N,N,A,-,N,,,,,,,,,,N,2,0,2,3,A,-,05,21651,C,F,G,B,B,A,H,-,C,A,0,Y,,,,Y,,A,01,1,0,1,0,2,0,0,0,0,"- ","- ",33.945619999999998,-118.29187,"LOS ANGELES",UNINCORPORATED,-118.2919193,33.945509190000003
90356853,2016,2016-12-29,9525,2016-12-16,0140,019707,,5,3,5,1990,0,1,3,,2,602,"SR-60 E/B (POMONA FREEWAY)","FAIRWAY DR.",1320.00,E,N,C,-,Y,,,60,,,,,,E,Y,2,0,1,3,A,-,01,23152,A,F,A,C,D,B,H,-,C,D,0,Y,,,,Y,Y,A,01,1,0,0,0,1,0,0,0,0,"- ","- ",33.998240000000003,-117.85785,"LOS ANGELES","DIAMOND BAR",-117.85784470999999,33.998207610000001
90357587,2016,2017-02-02,9575,2016-10-22,2205,021213,,6,3,7,1942,0,1,1,,2,053,"I-5 S/B (GOLDEN STATE FREEWAY)","BRANFORD STREET",1477.00,S,N,A,-,Y,,,5,,,,,,S,Y,1,1,1,3,A,-,03,22350,,N,A,C,E,A,H,-,D,D,0,Y,,,,Y,,A,01,0,0,1,1,0,0,0,0,0,"- ","- ",34.235639999999997,-118.41271999999999,"LOS ANGELES","LOS ANGELES",-118.41282739,34.235520569999998
90358132,2016,2017-02-24,9540,2016-12-21,2355,019444,,3,3,7,1942,0,1,1,,1,503,"I-5 S/B GOLDEN STATE FREEWAY","ROXFORD ST",4752.00,N,N,B,C,Y,,,5,,,,,,S,Y,2,0,3,3,A,-,03,22350,,N,E,C,E,B,H,-,C,D,0,Y,,,,Y,,A,01,2,1,0,0,1,0,0,0,0,"- ","- ",34.309469999999997,-118.48533999999999,"LOS ANGELES","LOS ANGELES",-118.48549901,34.309322420000001
90358200,2016,2016-12-30,9530,2016-12-17,1620,021493,,6,2,9,1900,0,3,5,,2,001,"91ST ST. (BLOCK 1000)","COMPTON AVE.",586.00,W,N,A,-,N,,,,,,,,,,Y,4,0,2,5,A,-,08,22107,,N,D,C,E,A,H,-,C,D,0,Y,,,,Y,,A,01,0,0,2,0,2,0,0,0,0,"- ","- ",33.9542,-118.2492,"LOS ANGELES",UNINCORPORATED,-118.24939851000001,33.95426002
90358613,2016,2016-12-30,9530,2016-12-23,1648,020567,,5,2,9,1900,0,3,5,,2,006,"LOMITA BLVD. (900 BLOCK)","VERMONT AVE.",12.00,W,N,B,C,N,,,,,,,,,,N,4,0,1,2,A,-,10,21950,A,N,G,B,B,B,H,-,C,A,0,Y,,,,Y,,A,07,0,0,1,0,1,0,0,0,0,"- ","- ",33.797890000000002,-118.29101,"LOS ANGELES",UNINCORPORATED,-118.29091941999999,33.797829999999998
90358791,2016,2016-12-30,9535,2016-10-13,0735,017802,,4,1,9,1900,0,3,5,,2,002,"HUBBARD ST.","VANCOUVER AVE.",0.00,,Y,A,-,N,,,,,,,,,,N,3,0,1,2,A,-,10,21950,A,N,G,B,B,A,H,-,A,A,0,Y,,,,Y,,A,07,0,1,0,0,1,0,0,0,0,"- ","- ",34.023029999999999,-118.15861,"LOS ANGELES",UNINCORPORATED,-118.15865013,34.023050060000003
90359235,2016,2018-05-09,9525,2016-12-04,1910,019491,,7,2,9,1900,0,2,4,,2,022,"ARROW HIGHWAY (900 E. BLOCK)","BONITA AVENUE",180.00,E,N,A,-,N,,,,,,,,,,Y,2,0,1,2,A,-,11,21955,,N,G,B,D,A,H,-,D,D,0,Y,,,,Y,Y,N,60,1,0,0,0,1,0,0,0,0,"- ","- ",34.106279999999998,-117.88918,"LOS ANGELES",UNINCORPORATED,-117.88014386,34.106288309999996
90359360,2016,2017-01-02,9525,2016-12-16,1725,020505,,5,2,9,1900,0,3,5,,2,001,"CALIFORNIA AVE","SHRODE AVE",0.00,,Y,B,-,N,,,,,,,,,,N,3,0,1,2,A,-,10,21950,A,F,G,B,D,A,H,-,C,D,0,Y,,,,Y,,A,01,0,1,0,0,1,0,0,0,0,"- ","- ",34.122689999999999,-117.99762,"LOS ANGELES",UNINCORPORATED,-117.99759004000001,34.122690040000002
90359884,2016,2017-02-21,9530,2016-11-20,0745,021273,,7,1,9,1900,0,3,5,,2,001,"FLORENCE AVE. (2300 BLOCK)","MARBRISA AVE.",6.00,E,N,A,-,N,,,,,,,,,,N,4,0,1,2,A,-,10,21950,A,N,G,B,B,A,H,-,A,A,0,Y,,,,Y,,D,22,0,0,1,0,1,0,0,0,0,"- ","- ",33.974809999999998,-118.23142,"LOS ANGELES",UNINCORPORATED,-118.23151025,33.974730000000001
90360308,2016,2017-01-03,9535,2016-09-19,0845,017802,,1,1,9,1900,0,2,4,,2,024,"WHITTIER BLVD. (4000 BLOCK)","GAGE AVE.",250.00,E,N,A,-,N,,,,,,,,,,N,4,0,1,2,A,-,11,21954,A,N,G,B,E,A,H,-,A,D,0,Y,,,,Y,,N,60,0,0,1,0,1,0,0,0,0,"- ","- ",34.023969999999998,-118.18483000000001,"LOS ANGELES",UNINCORPORATED,-118.18416664,34.02393
90361070,2016,2017-01-04,9535,2016-12-23,2005,021169,,5,2,9,1900,0,2,4,,2,014,"CESAR E CHAVEZ AVE","FORD BLVD",6.00,E,N,C,-,N,,,,,,,,,,N,4,0,2,3,A,-,10,21950,A,N,G,B,B,B,H,-,C,A,0,Y,,,,Y,,A,01,0,0,2,0,2,0,0,0,0,"- ","- ",34.040590000000002,-118.16918,"LOS ANGELES",UNINCORPORATED,-118.16919024000001,34.040590000000002
90361655,2016,2017-01-05,9550,2016-12-21,1045,021449,,3,1,9,1900,0,3,5,,2,006,"BREA CANYON RD.","TONNER CANYON RD",4400.00,N,N,C,-,N,,,,,,,,,,Y,4,0,1,3,A,-,03,22350,,N,A,C,E,B,H,-,A,D,0,Y,,Y,,Y,,A,01,0,0,1,0,1,0,0,0,0,"- ","- ",33.949660000000002,-117.86805,"LOS ANGELES",UNINCORPORATED,-117.86820221000001,33.949259529999999
90362016,2016,2017-01-05,9580,2016-12-22,1655,020396,,4,2,7,1942,0,1,3,,2,116,"SR-118 E/B (RRF) TO I-405 S/B (SDF)","CHATSWORTH ST",500.00,N,N,A,-,Y,,,118,,,,R,,E,Y,2,0,1,3,A,-,03,22350,,N,C,C,E,A,H,-,A,D,0,Y,,,,Y,,A,01,1,0,0,0,1,0,0,0,0,"- ","- ",34.264749999999999,-118.47362,"LOS ANGELES","LOS ANGELES",-118.47362,34.264749999999999
90362837,2016,2017-01-06,9565,2016-12-19,1225,021512,,1,1,9,1900,0,3,5,,2,003,"OLYMPIAD DRIVE","VICTORIA AVENUE",15.00,S,N,A,-,N,,,,,,,,,,N,3,0,2,3,A,-,10,21950,A,N,G,B,B,A,H,-,A,A,0,Y,,,,Y,,A,07,0,1,1,0,2,0,0,0,0,"- ","- ",34.029420000000002,-118.33095,"LOS ANGELES",UNINCORPORATED,-118.33311705,34.002895580000001
90363694,2016,2017-01-09,9525,2016-12-25,1820,020869,,7,2,9,1900,0,3,5,,2,003,"LA PUENTE RD (19050 BLOCK)","NOGALES ST.",187.00,E,N,A,-,N,,,,,,,,,,N,3,0,1,2,A,-,11,21950,B,N,G,B,D,A,H,-,C,D,0,Y,,,,Y,,N,60,0,1,0,0,1,0,0,0,0,"- ","- ",34.010069999999999,-117.88621999999999,"LOS ANGELES",UNINCORPORATED,-117.88628736,34.010120389999997
90365009,2016,2017-03-27,9535,2016-10-31,0209,018527,,1,3,9,1900,0,1,1,,2,420,"I-10 (SAN BERNARDINO FREEWAY) E/B","HERBERT AVE",1283.00,E,N,A,-,Y,,,10,,,,,,E,Y,2,0,2,3,C,-,18,,,N,C,C,E,A,H,-,D,D,0,Y,,,,Y,Y,-,"- ",1,1,0,0,1,0,0,0,0,"- ","- ",34.057659999999998,-118.17928999999999,"LOS ANGELES",UNINCORPORATED,-118.17935803,34.057808719999997
90365021,2016,2017-01-31,9590,2016-11-06,0420,020697,,7,3,7,1942,0,1,1,,2,060,"I-10 EASTBOUND (SANTA MONICA FREEWAY)","GRAMERCY PLACE",40.00,W,N,A,-,Y,,,10,,,,,,E,N,1,1,0,2,A,-,11,21954,A,F,G,B,E,A,H,-,D,D,0,Y,,,,Y,,N,60,0,0,0,1,0,0,0,0,0,"- ","- ",34.036799999999999,-118.31363,"LOS ANGELES","LOS ANGELES",-118.31363865,34.036989749999996
90366471,2016,2017-01-11,9540,2016-12-24,0800,021464,,6,1,9,1900,0,2,4,,1,202,"SOLEDAD CANYON ROAD","AGUA DULCE CYN RD",4752.00,E,N,A,-,N,,,,,,,,,,N,3,0,1,2,A,-,11,21954,A,N,G,B,E,B,H,-,A,D,0,Y,,,,Y,,N,60,0,1,0,0,1,0,0,0,0,"- ","- ",34.261119999999998,-118.19141999999999,"LOS ANGELES",UNINCORPORATED,-118.32261286000001,34.436956530000003
90367151,2016,2017-02-28,9580,2016-12-29,1730,016550,,4,2,9,1900,0,3,5,,1,010,"AGOURA ROAD (27200 BLOCK)","LIBERTY CANYON RD",1450.00,E,N,A,-,N,,,,,,,,,,N,2,0,1,2,A,-,03,22350,,N,G,B,E,A,H,-,C,D,0,Y,,,,Y,,A,01,1,0,0,0,1,0,0,0,0,"- ","- ",34.138219999999997,-118.7201,"LOS ANGELES",UNINCORPORATED,-118.72027267999999,34.138203310000002
90367456,2016,2017-01-11,9535,2016-12-01,2320,021126,,4,3,9,1900,0,1,1,,2,071,"I-710 (LONG BEACH FREEWAY) S/B","HUMPHREYS AVE",640.00,S,N,A,-,Y,,,710,,,,,,S,N,4,0,1,2,A,-,08,22107,,F,G,B,E,A,D,-,C,A,0,Y,,,,Y,,A,01,0,0,1,0,1,0,0,0,0,"- ","- ",34.028230000000001,-118.17223,"LOS ANGELES",UNINCORPORATED,-118.17229915,34.028241960000003
90368680,2016,2017-01-13,9565,2016-05-30,0005,020870,,1,3,9,1900,0,2,4,,2,021,"VERMONT AVENUE SOUTHBOUND","94TH STREET",0.00,,Y,A,-,N,,,,,,,,,,N,1,1,0,2,D,-,00,,,F,G,B,D,A,H,-,C,D,0,Y,,,,Y,,-,"- ",0,0,0,1,0,0,0,0,0,"- ","- ",33.95102,-118.29183999999999,"LOS ANGELES",UNINCORPORATED,-118.29189002,33.950950040000002
90369425,2016,2017-01-16,9575,2016-12-27,0700,017354,,2,1,9,1900,0,1,3,,2,081,"ROSEMEAD BLVD. (200 BLOCK)","DEL MAR BLVD.",5.00,S,N,A,-,N,,,,,,,,,,N,3,0,1,2,A,-,12,21453,A,F,G,B,B,A,H,-,A,A,0,Y,,,,Y,,-,99,0,1,0,0,1,0,0,0,0,"- ","- ",34.142200000000003,-118.0728,"LOS ANGELES",UNINCORPORATED,-118.07343976999999,34.142256289999999
90374115,2016,2017-01-20,9550,2016-12-23,1955,020709,,5,2,9,1900,0,2,4,,1,032,"GALE AVENUE","KWIS AVE.",0.00,,Y,C,-,N,,,,,,,,,,Y,2,0,1,2,A,-,03,22350,,N,G,B,E,B,H,-,C,D,0,Y,,,,Y,,N,60,1,0,0,0,1,0,0,0,0,"- ","- ",34.012860000000003,-117.96963,"LOS ANGELES",UNINCORPORATED,-117.96964011999999,34.012880060000001
90376054,2016,2017-03-30,9535,2016-12-20,0910,014987,,2,1,9,1900,0,3,5,,2,006,"RUSH ST","SAN GABRIEL BLVD",0.00,,Y,A,-,N,,,,,,,,,,N,2,0,1,2,A,-,10,21950,A,N,G,B,B,A,H,-,A,A,0,Y,,,,Y,,A,01,1,0,0,0,1,0,0,0,0,"- ","- ",34.052100000000003,-118.09010000000001,"LOS ANGELES",UNINCORPORATED,-118.09052011,34.051870110000003
90381804,2016,2017-11-07,9530,2016-11-03,2012,021235,,4,2,9,1900,0,3,5,,2,002,"WILMINGTON AVE. (11800 BLOCK)","118TH ST.",163.00,N,N,A,-,N,,,,,,,,,,Y,1,1,0,2,A,-,11,21954,A,F,G,B,D,A,H,-,C,D,0,Y,,,,Y,,N,60,0,0,0,1,0,0,0,0,0,"- ","- ",33.926499999999997,-118.23909999999999,"LOS ANGELES",UNINCORPORATED,-118.23908,33.926417020000002
90382883,2016,2017-01-31,9550,2016-12-30,1212,021177,,5,1,9,1900,0,2,4,,1,031,"HACIENDA BOULEVARD","HALLIBURTON ROAD",0.00,,Y,B,-,N,,,,,,,,,,N,1,1,0,2,A,-,11,21456,B,N,G,B,B,B,H,-,A,A,0,Y,,,,Y,,N,60,0,0,0,1,0,0,0,0,0,"- ","- ",33.997349999999997,-117.96765000000001,"LOS ANGELES",UNINCORPORATED,-117.96779003,33.997390060000001
90384271,2016,2017-10-19,9525,2016-11-23,0235,019970,,3,3,6,1955,0,1,1,,2,108,"I-10 E/B (SAN BERNARDINO FREEWAY)","KELLOGG DRIVE",993.00,W,N,B,-,Y,,,10,,,,,,E,Y,1,1,0,2,A,-,11,21954,A,F,G,B,E,A,D,E,D,D,0,Y,,,,Y,,N,60,0,0,0,1,0,0,0,0,0,"- ","- ",34.063760000000002,-117.81538999999999,"LOS ANGELES",POMONA,-117.81538888999999,34.063657079999999
90388337,2016,2017-02-08,9535,2016-07-06,0428,017781,,3,3,3,1914,0,1,1,,2,500,"I-5 (SANTA ANA FREEWAY) N/B","GARFIELD AVENUE",254.00,N,N,B,-,Y,,,,,,,,,,N,1,1,0,3,A,-,11,21954,A,N,G,B,E,A,H,-,C,D,0,Y,,,,Y,,N,60,0,0,0,1,0,0,0,0,0,"- ","- ",33.591799999999999,-118.08168999999999,"LOS ANGELES",COMMERCE,-118.13797718000001,33.988177280000002
90390122,2016,2017-02-10,9535,2016-11-06,0346,020767,,7,3,5,1969,0,1,1,,2,074,"INTERSTATE 710 N/B (LONG BEACH FREEWAY)","LOS ANGELES RIVER",662.00,N,N,A,-,Y,,,710,,,,,,N,Y,2,0,3,5,A,-,03,22350,,N,B,C,E,A,C,-,D,D,0,Y,,,,Y,Y,A,07,2,0,1,0,3,0,0,0,0,"- ","- ",33.935949999999998,-118.17479,"LOS ANGELES","SOUTH GATE",-118.17478183,33.935937940000002
90392072,2016,2017-03-22,9530,2016-10-18,0730,014413,,2,1,9,1900,0,3,5,,2,001,"81ST STREET","CROCKETT BLVD.",0.00,,Y,A,-,N,,,,,,,,,,Y,1,1,3,5,A,-,12,22450,A,F,D,C,F,A,H,-,A,A,0,Y,,,,Y,,A,01,0,0,3,1,0,0,0,0,0,"- ","- ",33.575479999999999,-118.14127999999999,"LOS ANGELES",UNINCORPORATED,-118.23694003999999,33.965190059999998
90393278,2016,2017-02-14,9535,2016-12-19,1735,019839,,1,2,9,1900,0,2,4,,2,024,"WHITTIER BLVD","FERRIS AVE",0.00,,Y,A,-,N,,,,,,,,,,N,4,0,1,2,A,-,10,21950,A,N,G,B,B,A,H,-,C,A,0,Y,,,,Y,,A,07,0,0,1,0,1,0,0,0,0,"- ","- ",34.021680000000003,-118.16338,"LOS ANGELES",UNINCORPORATED,-118.16340011,34.021710110000001
90393911,2016,2017-02-15,9535,2016-12-25,1650,019839,,7,2,9,1900,0,2,4,,2,014,"CESAR E CHAVEZ AVENUE (3600 BLOCK)","EASTMAN AVE",65.00,E,N,A,-,N,,,,,,,,,,N,3,0,1,2,A,-,11,21954,A,N,G,B,D,A,H,-,B,D,0,Y,,,,Y,,N,60,0,1,0,0,1,0,0,0,0,"- ","- ",34.040559999999999,-118.18558,"LOS ANGELES",UNINCORPORATED,-118.18565588,34.040520000000001
90399503,2016,2017-02-24,9535,2016-11-02,2254,017308,,3,3,5,1948,0,1,3,,2,600,"SR-60 (POMONA FREEWAY) E/B","POMONA BOULEVARD",300.00,W,N,A,-,Y,,,60,,,,,,E,N,1,1,0,3,A,-,00,21960,A,F,G,B,E,A,H,-,C,D,0,Y,,,,Y,,N,60,0,0,0,1,0,0,0,0,0,"- ","- ",34.033949999999997,-118.14765,"LOS ANGELES","MONTEREY PARK",-118.14766566999999,34.03391826
90400384,2016,2017-02-27,9535,2016-12-03,1920,019839,,6,2,9,1900,0,2,4,,2,011,"EASTERN AVENUE (200 BLOCK)","EUGENE ST",4.00,N,N,A,-,N,,,,,,,,,,N,2,0,1,2,A,-,10,21950,A,F,G,B,B,A,H,-,C,D,0,Y,,,,Y,,A,01,1,0,0,0,1,0,0,0,0,"- ","- ",34.037840000000003,-118.17355000000001,"LOS ANGELES",UNINCORPORATED,-118.17359,34.037840969999998
90406417,2016,2017-03-06,9575,2016-12-03,0500,020950,,6,3,7,1942,0,1,1,,2,053,"I-5 N/B (GOLDEN STATE FREEWAY)","TERRA BELLA STREET",100.00,N,N,A,G,Y,,,5,,,,,,N,N,1,1,0,3,A,-,11,21954,A,F,G,B,E,A,H,-,D,A,0,Y,,,,Y,,N,60,0,0,0,1,0,0,0,0,0,"- ","- ",34.25168,-118.42963,"LOS ANGELES","LOS ANGELES",-118.42963863,34.251671039999998
90406798,2016,2017-03-07,9565,2016-09-30,2014,021163,,5,2,9,1900,0,2,4,,2,022,"NORMANDIE AVENUE","93RD STREET",10.00,N,N,A,-,N,,,,,,,,,,N,1,1,0,2,A,-,11,21954,A,N,G,B,D,A,H,-,C,A,0,Y,,,,Y,,N,60,0,0,0,1,0,0,0,0,0,"- ","- ",33.952159999999999,-118.30025000000001,"LOS ANGELES",UNINCORPORATED,-118.30027,33.952167430000003
90407255,2016,2017-03-07,9580,2016-05-25,2110,020345,,3,2,9,1900,0,1,3,,1,271,"SR-27 N/B (TOPANGA CYN. BLVD.)","BROOKSIDE DR",470.00,N,N,A,-,Y,,,27,,,,,,N,N,4,0,1,2,A,-,03,22350,,N,G,B,E,A,H,-,D,D,0,Y,,,,Y,,A,01,0,0,1,0,1,0,0,0,0,"- ","- ",34.049019999999999,-118.58028,"LOS ANGELES",UNINCORPORATED,-118.58030908000001,34.049032680000003
90410637,2016,2017-03-13,9525,2016-12-01,2310,015988,,4,3,6,1955,0,1,1,,2,109,"I-10 WESTBOUND (SAN BERNARDINO FREEWAY)","TOWNE AVENUE",3.00,W,N,A,-,Y,,,10,,,,,,W,Y,1,1,0,2,A,-,11,21954,A,N,G,B,E,A,H,-,D,D,0,Y,,,,Y,,N,60,0,0,0,1,0,0,0,0,0,"- ","- ",34.078400000000002,-117.7414,"LOS ANGELES",POMONA,-117.74140389999999,34.078409229999998
90429123,2016,2017-04-06,9540,2016-11-05,0556,019317,,6,3,7,1942,0,1,1,,1,502,"I-5(N/B)(GOLDEN STATE FREEWAY)","BALBOA BOULEVARD",2640.00,N,N,A,-,Y,,,5,,,,,,,Y,1,1,6,8,A,-,03,22350,,N,C,C,E,A,H,-,D,D,0,Y,,,,Y,,A,07,2,2,2,1,1,0,0,0,0,"- ","- ",34.326450000000001,-118.50387000000001,"LOS ANGELES","LOS ANGELES",-118.50401709,34.32634788
90431686,2016,2017-04-12,9565,2016-09-16,0122,021151,,5,3,5,1928,0,1,1,,2,060,"INTERSTATE-405 N/B (SAN DIEGO FWY)","EL SEGUNDO BLVD.",1075.00,S,N,A,-,Y,,,405,,,,,,N,N,1,1,0,2,A,-,00,21960,A,N,G,B,E,A,H,-,D,D,0,Y,,,,Y,Y,N,60,0,0,0,1,0,0,0,0,0,"- ","- ",33.913310000000003,-118.37033,"LOS ANGELES",HAWTHORNE,-118.3702962,33.913309529999999
90432657,2016,2017-04-12,9565,2016-08-07,0540,021058,,7,3,9,1900,0,2,4,,1,032,"SLAUSON AVE.","LA TIJERA BLVD.",45.00,W,N,B,-,N,,,,,,,,,,N,1,1,0,2,A,-,11,21954,A,N,G,B,D,A,H,-,B,D,0,Y,,,,Y,,N,60,0,0,0,1,0,0,0,0,0,"- ","- ",33.9876,-118.36498,"LOS ANGELES",UNINCORPORATED,-118.36487814,33.987412419999998
90436081,2016,2017-04-17,9565,2016-09-17,2227,020710,,6,3,9,1900,0,2,4,,2,022,"NORMANDIE AVENUE (10400 BLOCK)","W 105TH STREET",40.00,N,N,A,-,N,,,,,,,,,,N,1,1,0,2,A,-,11,21954,A,F,G,B,D,A,H,-,D,D,0,Y,,,,Y,,N,60,0,0,0,1,0,0,0,0,0,"- ","- ",33.941139999999997,-118.30037,"LOS ANGELES",UNINCORPORATED,-118.30028264000001,33.941309680000003
90439240,2016,2017-06-15,9550,2016-11-26,0113,020959,,6,3,5,1935,0,1,1,,2,653,"INTERSTATE 605 NORTHBOUND","CARSON STREET",2756.00,S,N,A,-,Y,,,,,,,,,,Y,1,1,2,3,A,-,03,22350,,N,D,C,E,A,H,-,D,D,0,Y,,,,Y,,A,01,1,0,1,1,0,0,0,0,0,"- ","- ",33.823999999999998,-118.08150999999999,"LOS ANGELES",LAKEWOOD,-118.08394,33.831380000000003
90451158,2016,2017-08-15,9530,2016-11-10,0810,019792,,4,1,9,1900,0,3,5,,2,005,"MARINE AVENUE","LEMOLI AVE.",15.00,E,N,A,-,N,,,,,,,,,,N,1,1,0,2,A,-,10,21950,A,F,G,B,B,A,H,-,A,A,0,Y,,,,Y,,-,99,0,0,0,1,0,0,0,0,0,"- ","- ",33.894599999999997,-118.33069999999999,"LOS ANGELES",UNINCORPORATED,-118.33082066999999,33.894669999999998
90453511,2016,2017-05-10,9535,2016-12-19,2155,017781,,1,2,5,1901,0,1,1,,2,420,"I-10 (SAN BERNARDINO FREEWAY) E/B","GARFIELD AVE.",330.00,W,N,A,-,Y,,,10,,,,,,E,N,1,1,0,3,A,-,11,21954,A,M,G,B,E,A,H,-,C,D,0,Y,,,,Y,,N,60,0,0,0,1,0,0,0,0,0,"- ","- ",34.071510000000004,-118.1234,"LOS ANGELES",ALHAMBRA,-118.12339923,34.071450919999997
90453918,2016,2017-05-11,9580,2016-11-29,1805,019544,,2,2,7,1942,0,1,1,,2,407,"I-405 S/B (SAN DIEGO FWY)","RAYMER STREET OVERHEAD",194.00,S,N,A,-,Y,,,405,,,,,,S,Y,1,1,3,4,A,-,08,22107,,N,E,I,F,A,H,-,D,D,0,Y,,,,Y,,A,01,2,0,1,1,2,0,0,0,0,"- ","- ",34.216180000000001,-118.47341,"LOS ANGELES","LOS ANGELES",-118.47337036,34.216179609999998
90467814,2016,2017-05-31,9580,2016-06-05,2055,020396,,7,2,3,1989,0,1,2,,2,106,"US-101 N/B FROM LAS VIRGENES ROAD","LAS VIRGENES RD",8.00,N,N,A,-,Y,,,101,,,,R,,N,N,1,1,1,3,A,-,10,21950,A,F,G,B,B,A,H,-,C,A,0,Y,,,,Y,,D,22,1,0,0,1,1,0,0,0,0,"- ","- ",34.149450000000002,-118.69808999999999,"LOS ANGELES",CALABASAS,-118.69808999999999,34.149450000000002
90471940,2016,2018-09-26,9590,2016-10-02,0327,021236,,7,3,7,1942,0,1,1,,2,053,"I-110 SOUTHBOUND (HARBOR FREEWAY)","WASHINGTON BOULEVARD U/C",25.00,S,N,A,-,Y,,,110,,,,,,S,Y,1,1,1,3,A,-,01,23152,A,N,B,C,E,A,H,-,C,D,0,Y,,,,Y,Y,A,01,0,1,0,1,0,0,0,0,0,"- ","- ",34.034990000000001,-118.27454,"LOS ANGELES","LOS ANGELES",-118.27456537,34.034993620000002
90515815,2016,2017-08-03,9580,2016-08-12,2317,020353,,5,3,7,1942,0,1,3,,2,116,"SR-118 E/B (RONALD REAGAN FWY.)","ENCINO AVE",291.00,E,N,A,-,Y,,,118,,,,,,E,Y,1,1,2,5,C,-,18,,,N,B,C,E,A,H,-,D,D,0,Y,,,,Y,Y,-,"- ",0,0,2,1,0,0,0,0,0,"- ","- ",34.277940000000001,-118.51424,"LOS ANGELES","LOS ANGELES",-118.51423536,34.277679970000001
90523288,2016,2017-08-15,9590,2016-09-14,0309,019363,,3,3,7,1942,0,1,S,,2,904,"US-101 (SANTA ANA FREEWAY) N/B","4TH STREET NORTH EDGE",40.00,S,N,B,-,Y,,,101,,,,,,N,N,1,1,0,2,A,-,00,21960,,N,G,B,E,A,H,-,D,D,0,Y,,,,Y,,N,60,0,0,0,1,0,0,0,0,0,"- ","- ",34.042999999999999,-118.22101000000001,"LOS ANGELES","LOS ANGELES",-118.22100263,34.042999809999998
90608830,2016,2017-12-04,9545,2016-09-01,1134,019006,,4,1,9,1900,0,1,3,,2,031,"STATE ROUTE 14 S/B","CROWN VALLEY ROAD",4224.00,S,N,A,-,Y,,,14,,,,,,S,N,1,1,0,3,A,-,08,22107,,N,G,B,E,A,H,-,A,D,0,Y,,,Y,Y,,G,25,0,0,0,1,0,0,0,0,0,"- ","- ",34.494540000000001,-118.21307,"LOS ANGELES",UNINCORPORATED,-118.21307109999999,34.494537029999996